rule_id	prefix	headline	class	excl_kind_newest	depth	earliest_year	verbatim_steps	edited_steps	rewritten_steps	renumber_steps	min_step_sim	recent3_moved	recent3_rewritten	steps
R201	R	No digging into carpet.	EVERGREEN	VERBATIM	11	2015	6	5	0	6	0.8627	0	0	2025>2026:R201=1.00 2024>2025:R201=1.00 2023>2024:R201=0.97 2022>2023:R201=1.00 2021>2022:R6>R201=0.96 2020>2021:R6=1.00 2019>2020:R7>R6=0.86 2018>2019:R6>R7=0.98 2017>2018:R5>R6=0.93 2016>2017:R6>R5=0.95 2015>2016:R5>R6=0.93
R203	R	General safety.	EVERGREEN	MINOR	11	2015	4	7	0	6	0.8217	2	0	2025>2026:R203=0.89 2024>2025:R203=1.00 2023>2024:R203=0.96 2022>2023:R203=1.00 2021>2022:R8>R203=0.92 2020>2021:R8=0.98 2019>2020:R9>R8=0.82 2018>2019:R8>R9=0.85 2017>2018:R7>R8=0.99 2016>2017:R9>R7=0.86 2015>2016:R8>R9=0.88
R410	R	BUMPERS must come off.	EVERGREEN	VERBATIM	10	2016	8	2	0	5	0.8471	1	0	2025>2026:R410=1.00 2024>2025:R404>R410=0.96 2023>2024:R404=1.00 2022>2023:R404=1.00 2021>2022:R20>R404=0.85 2020>2021:R20=1.00 2019>2020:R27>R20=1.00 2018>2019:R26>R27=1.00 2017>2018:R25>R26=1.00 2016>2017:R25=1.00
R603	R	Charge batteries with safe connectors.	EVERGREEN	VERBATIM	9	2017	8	1	0	4	0.8718	0	0	2025>2026:R603=1.00 2024>2025:R603=1.00 2023>2024:R603=1.00 2022>2023:R603=1.00 2021>2022:R34>R603=0.87 2020>2021:R34=1.00 2019>2020:R41>R34=1.00 2018>2019:R40>R41=1.00 2017>2018:R38>R40=1.00
R604	R	Charge batteries at a safe rate.	EVERGREEN	VERBATIM	9	2017	6	3	0	4	0.875	1	0	2025>2026:R604=1.00 2024>2025:R604=1.00 2023>2024:R604=0.96 2022>2023:R604=1.00 2021>2022:R35>R604=0.88 2020>2021:R35=1.00 2019>2020:R42>R35=1.00 2018>2019:R41>R42=1.00 2017>2018:R39>R41=0.88
R605	R	Batteries are not ballast.	EVERGREEN	VERBATIM	11	2015	7	4	0	6	0.875	0	0	2025>2026:R605=1.00 2024>2025:R605=1.00 2023>2024:R605=1.00 2022>2023:R605=1.00 2021>2022:R36>R605=0.90 2020>2021:R36=1.00 2019>2020:R43>R36=0.88 2018>2019:R42>R43=0.95 2017>2018:R40>R42=0.95 2016>2017:R32>R40=0.97 2015>2016:R21>R32=0.97
R606	R	Secure the battery.	EVERGREEN	VERBATIM	11	2015	9	2	0	6	0.8302	0	0	2025>2026:R606=1.00 2024>2025:R606=1.00 2023>2024:R606=1.00 2022>2023:R606=1.00 2021>2022:R37>R606=0.95 2020>2021:R37=1.00 2019>2020:R44>R37=1.00 2018>2019:R43>R44=1.00 2017>2018:R41>R43=0.83 2016>2017:R33>R41=1.00 2015>2016:R22>R33=1.00
R607	R	Insulate battery connections.	EVERGREEN	VERBATIM	11	2015	9	2	0	6	0.9474	0	0	2025>2026:R607=1.00 2024>2025:R607=1.00 2023>2024:R607=1.00 2022>2023:R607=1.00 2021>2022:R38>R607=0.95 2020>2021:R38=1.00 2019>2020:R45>R38=1.00 2018>2019:R44>R45=1.00 2017>2018:R42>R44=1.00 2016>2017:R34>R42=1.00 2015>2016:R23>R34=0.96
R608	R	Limit non-battery energy.	EVERGREEN	VERBATIM	11	2015	7	4	0	6	0.8177	0	0	2025>2026:R608=1.00 2024>2025:R608=1.00 2023>2024:R608=1.00 2022>2023:R608=1.00 2021>2022:R39>R608=0.89 2020>2021:R39=0.95 2019>2020:R46>R39=0.97 2018>2019:R45>R46=0.99 2017>2018:R43>R45=0.97 2016>2017:R35>R43=0.90 2015>2016:R24>R35=0.82
R611	R	The ROBOT frame is not a wire.	EVERGREEN	VERBATIM	11	2015	4	7	0	6	0.8211	0	0	2025>2026:R611=0.98 2024>2025:R611=0.99 2023>2024:R611=1.00 2022>2023:R611=0.99 2021>2022:R42>R611=0.88 2020>2021:R42=0.97 2019>2020:R49>R42=0.94 2018>2019:R48>R49=0.93 2017>2018:R46>R48=0.95 2016>2017:R38>R46=0.82 2015>2016:R27>R38=0.82
R623	R	Use only appropriate connectors.	EVERGREEN	VERBATIM	11	2015	9	2	0	6	0.8919	0	0	2025>2026:R623=1.00 2024>2025:R623=1.00 2023>2024:R623=1.00 2022>2023:R623=1.00 2021>2022:R54>R623=0.93 2020>2021:R54=1.00 2019>2020:R61>R54=0.89 2018>2019:R60>R61=1.00 2017>2018:R58>R60=1.00 2016>2017:R50>R58=1.00 2015>2016:R39>R50=1.00
R707	R	Limited wireless allowed.	EVERGREEN	VERBATIM	10	2016	4	6	0	5	0.8537	1	0	2025>2026:R707=1.00 2024>2025:R707=0.86 2023>2024:R707=1.00 2022>2023:R707=1.00 2021>2022:R63>R707=0.94 2020>2021:R63=1.00 2019>2020:R70>R63=0.86 2018>2019:R69>R70=0.96 2017>2018:R68>R69=0.96 2016>2017:R63>R68=0.85
R708	R	Wireless bridge must be visible.	EVERGREEN	VERBATIM	11	2015	10	1	0	6	0.8539	0	0	2025>2026:R708=1.00 2024>2025:R708=1.00 2023>2024:R708=1.00 2022>2023:R708=1.00 2021>2022:R64>R708=0.85 2020>2021:R64=1.00 2019>2020:R71>R64=1.00 2018>2019:R70>R71=0.97 2017>2018:R69>R70=0.97 2016>2017:R64>R69=1.00 2015>2016:R53>R64=1.00
R710	R	Only specified modifications to control system devices permitted.	EVERGREEN	MINOR	11	2015	4	7	0	6	0.8607	2	0	2025>2026:R710=0.97 2024>2025:R710=0.99 2023>2024:R710=0.96 2022>2023:R710=0.97 2021>2022:R66>R710=0.91 2020>2021:R66=0.98 2019>2020:R73>R66=0.86 2018>2019:R72>R73=0.89 2017>2018:R71>R72=0.99 2016>2017:R66>R71=0.97 2015>2016:R55>R66=0.95
R712	R	Control PWM controllers from the roboRIO.	EVERGREEN	MINOR	11	2015	4	7	0	6	0.8108	2	0	2025>2026:R712=0.87 2024>2025:R712=0.96 2023>2024:R712=0.99 2022>2023:R712=1.00 2021>2022:R68>R712=0.94 2020>2021:R68=1.00 2019>2020:R75>R68=0.98 2018>2019:R74>R75=0.95 2017>2018:R73>R74=0.81 2016>2017:R68>R73=0.92 2015>2016:R57>R68=0.90
R715	R	Control PCM, PH, and Servo Hub from roboRIO.	EVERGREEN	MINOR	11	2015	6	5	0	6	0.8101	2	0	2025>2026:R715=0.95 2024>2025:R715=0.92 2023>2024:R715=1.00 2022>2023:R715=0.97 2021>2022:R71>R715=0.81 2020>2021:R71=1.00 2019>2020:R78>R71=1.00 2018>2019:R77>R78=1.00 2017>2018:R76>R77=0.82 2016>2017:R71>R76=1.00 2015>2016:R60>R71=1.00
R801	R	Only use explicitly permitted pneumatic parts	EVERGREEN	VERBATIM	11	2015	6	5	0	6	0.9062	0	0	2025>2026:R801=1.00 2024>2025:R801=1.00 2023>2024:R801=1.00 2022>2023:R801=1.00 2021>2022:R74>R801=0.91 2020>2021:R74=1.00 2019>2020:R81>R74=0.93 2018>2019:R80>R81=0.92 2017>2018:R79>R80=1.00 2016>2017:R74>R79=0.94 2015>2016:R63>R74=0.94
R803	R	Don’t modify pneumatics.	EVERGREEN	VERBATIM	11	2015	11	0	0	6	0.9774	0	0	2025>2026:R803=1.00 2024>2025:R803=1.00 2023>2024:R803=0.98 2022>2023:R803=1.00 2021>2022:R76>R803=0.98 2020>2021:R76=1.00 2019>2020:R83>R76=1.00 2018>2019:R82>R83=1.00 2017>2018:R81>R82=1.00 2016>2017:R76>R81=1.00 2015>2016:R65>R76=1.00
R807	R	Air storage pressure limit.	EVERGREEN	VERBATIM	11	2015	8	3	0	5	0.9375	1	0	2025>2026:R807=0.97 2024>2025:R807=1.00 2023>2024:R807=0.96 2022>2023:R807=1.00 2021>2022:R80>R807=0.94 2020>2021:R80=1.00 2019>2020:R87>R80=1.00 2018>2019:R87=1.00 2017>2018:R86>R87=1.00 2016>2017:R81>R86=0.97 2015>2016:R70>R81=1.00
R808	R	Working air pressure limit.	EVERGREEN	MINOR	11	2015	3	8	0	5	0.8889	2	0	2025>2026:R808=0.95 2024>2025:R808=1.00 2023>2024:R808=0.89 2022>2023:R808=1.00 2021>2022:R81>R808=0.94 2020>2021:R81=1.00 2019>2020:R88>R81=0.94 2018>2019:R88=0.89 2017>2018:R87>R88=0.90 2016>2017:R82>R87=0.92 2015>2016:R71>R82=0.96
R901	R	Use the specified Driver Station Software.	EVERGREEN	VERBATIM	11	2015	7	4	0	6	0.902	0	0	2025>2026:R901=0.99 2024>2025:R901=0.99 2023>2024:R901=0.97 2022>2023:R901=0.97 2021>2022:R88>R901=0.90 2020>2021:R88=0.99 2019>2020:R95>R88=0.93 2018>2019:R97>R95=0.99 2017>2018:R96>R97=0.97 2016>2017:R91>R96=0.96 2015>2016:R80>R91=0.97
R903	R	Connect FMS Ethernet directly to the OPERATOR CONSOLE.	EVERGREEN	VERBATIM	11	2015	8	3	0	6	0.9194	0	0	2025>2026:R903=1.00 2024>2025:R903=1.00 2023>2024:R903=1.00 2022>2023:R903=1.00 2021>2022:R90>R903=0.92 2020>2021:R90=0.97 2019>2020:R97>R90=0.97 2018>2019:R99>R97=1.00 2017>2018:R98>R99=1.00 2016>2017:R93>R98=0.99 2015>2016:R82>R93=0.99
R905	R	FIELD wireless only.	EVERGREEN	VERBATIM	10	2016	8	2	0	5	0.9577	0	0	2025>2026:R905=1.00 2024>2025:R905=1.00 2023>2024:R905=1.00 2022>2023:R905=1.00 2021>2022:R92>R905=0.98 2020>2021:R92=1.00 2019>2020:R99>R92=1.00 2018>2019:R101>R99=0.96 2017>2018:R100>R101=0.98 2016>2017:R95>R100=0.96
