id_2026,headline,m2015,s2015,m2016,s2016,m2017,s2017,m2018,s2018,m2019,s2019,m2020,s2020,m2021,s2021,m2022,s2022,m2023,s2023,m2024,s2024,m2025,s2025,min_match,mean_match
C301,Wear your buttons.,,0.0,,0.0,H5,0.2793,H5,0.2447,H12,0.2646,H12,0.2703,H12,0.2703,H304,0.2342,H306,0.2919,C301,1.0,C301,1.0,0.0,0.3505
E101,Personal safety comes first.,,0.0,,0.0,S1,0.3162,H5,0.1045,C7,0.112,H12,0.1056,H12,0.1056,H306,0.1101,H306,0.1056,E101,1.0,E101,1.0,0.0,0.2691
E102,Be nice.,,0.0,,0.0,C1,0.1526,C2,0.1643,C2,0.1729,C2,0.6025,C2,0.6025,H101,0.6166,H101,0.6461,E102,0.9618,E102,1.0,0.0,0.4472
E103,"Children with adults, please.",,0.0,,0.0,S2,0.1364,H5,0.0952,S2,0.1333,H6,0.1224,H6,0.1224,H504,0.1304,H504,0.1176,E103,1.0,E103,1.0,0.0,0.2598
E104,Respect the venue.,,0.0,,0.0,H3,0.2,H9,0.2222,H14,0.2264,H8,0.2162,S6,0.2083,H507,0.2051,H312,0.1639,E104,1.0,E104,1.0,0.0,0.3129
E105,Teams must check in.,,0.0,,0.0,H5,0.1458,H5,0.1393,H12,0.1386,H12,0.1717,H12,0.1717,H306,0.1236,H306,0.1717,E105,1.0,E105,1.0,0.0,0.2784
E106,Some event resources for event teams only.,,0.0,,0.0,S10,0.1509,S2,0.0879,C11,0.097,H4,0.1111,H4,0.1111,H501,0.1224,H501,0.1224,E106,0.9524,E106,0.9524,0.0,0.2462
E107,Work in designated areas only.,,0.0,,0.0,C13,0.2778,C10,0.5152,C11,0.5217,H2,0.1129,C7,0.1198,H301,0.1141,H108,0.0876,E108,0.7091,E107,0.7091,0.0,0.2879
E108,Some things don’t belong at events.,,0.0,,0.0,C5,0.1304,H2,0.1154,H5,0.1154,H12,0.0936,H12,0.0936,H108,0.1217,H110,0.1295,E109,0.8739,E108,0.8739,0.0,0.2316
E109,Don’t arrange for additional utilities.,,0.0,,0.0,C5,0.1441,H2,0.1299,H5,0.1299,H14,0.122,H3,0.1235,H107,0.0909,H110,0.125,E110,1.0,E109,1.0,0.0,0.2605
E110,Don’t sell stuff.,,0.0,,0.0,H3,0.1782,H10,0.2,S4,0.1778,H14,0.2133,H14,0.2133,H403,0.1176,H110,0.1524,E111,1.0,E110,1.0,0.0,0.2957
E111,Don’t give out food.,,0.0,,0.0,C5,0.1628,H9,0.2143,S6,0.2,H14,0.2456,H14,0.2456,H507,0.1875,H312,0.2222,E112,1.0,E111,1.0,0.0,0.3162
E112,"Make FIRST loud, but with restrictions.",,0.0,,0.0,S3,0.0952,H9,0.0938,H3,0.1194,H8,0.1053,H3,0.125,H404,0.0833,H502,0.0889,E113,1.0,E112,1.0,0.0,0.2464
E113,Hang banners with care.,,0.0,,0.0,C13,0.0737,C10,0.0906,C3,0.115,C3,0.0962,C3,0.0962,H306,0.1107,H105,0.1045,E114,0.979,E113,0.979,0.0,0.2405
E114,Limit flag and flagpole size.,,0.0,,0.0,S5,0.129,S5,0.1061,S5,0.1186,S4,0.1148,S4,0.1148,H312,0.1017,H202,0.0976,E115,0.746,E114,0.746,0.0,0.2068
E115,No firearms.,,0.0,,0.0,C8,0.0994,H10,0.0845,C8,0.0705,S7,0.0976,S7,0.0968,H402,0.0727,H402,0.0727,E116,1.0,E115,1.0,0.0,0.2358
E116,Only COTS batteries allowed.,,0.0,,0.0,C13,0.1739,H10,0.2078,H11,0.1875,H3,0.1839,H3,0.1975,H304,0.1429,H502,0.1308,E403,0.3768,E116,1.0,0.0,0.2365
E117,Do not record anyone at the event without their consent.,,0.0,,0.0,C4,0.0749,A4,0.1073,C11,0.0826,C3,0.0731,C3,0.0731,H105,0.0712,H202,0.1304,E401,0.0989,E107,0.0861,0.0,0.0725
E118,Enter only 1 ROBOT.,,0.0,,0.0,C4,0.5541,C5,0.557,C5,0.5479,C5,0.8889,C5,0.8889,H102,0.9107,H102,0.9107,E108,0.0924,E117,0.9937,0.0,0.5767
E201,The ROBOT goes alone to off-site machine shops.,,0.0,,0.0,C11,0.1167,C3,0.1018,S3,0.1167,H14,0.1017,H14,0.1017,H104,0.1288,H104,0.1288,E201,1.0,E201,1.0,0.0,0.2542
E301,No wireless communication.,,0.0,,0.0,C5,0.6111,A3,0.1159,C11,0.1081,H2,0.1111,H2,0.1105,H402,0.1074,H110,0.1517,E301,1.0,E301,1.0,0.0,0.3014
E302,Don’t interfere with wireless networks.,,0.0,,0.0,C6,0.5823,H9,0.1395,C5,0.1293,S7,0.1469,S7,0.1461,H102,0.1159,H110,0.15,E302,0.9714,E302,0.9829,0.0,0.3058
E303,Tethered operation outside FIELDS/PRACTICE AREAS.,,0.0,,0.0,S10,0.3562,S2,0.1724,S2,0.1639,H6,0.24,H6,0.24,H404,0.2667,H504,0.1923,E303,0.9,E303,0.9,0.0,0.312
E401,Load in during Load-In.,,0.0,,0.0,C13,0.1081,C10,0.0977,C3,0.1176,H2,0.1168,C3,0.1053,H106,0.1148,H106,0.1187,E401,0.6528,E401,0.6528,0.0,0.1895
E402,Load-In person limit is 6.,,0.0,,0.0,C13,0.1391,H6,0.129,H2,0.1739,S6,0.1212,S6,0.1212,H311,0.1408,H504,0.1389,E402,0.95,E402,0.95,0.0,0.2604
E403,Load-In Restrictions.,,0.0,,0.0,C13,0.1667,C10,0.1471,C11,0.1762,H6,0.1261,H6,0.1261,H310,0.1571,H310,0.1808,E403,0.3091,E403,0.8088,0.0,0.1998
E404,Pit must be left in a safe state.,,0.0,,0.0,H4,0.1,H9,0.1143,H11,0.1132,H6,0.1356,H6,0.1356,H504,0.1429,H304,0.1017,E404,1.0,E404,1.0,0.0,0.2585
E405,"Once done, head out.",,0.0,,0.0,C13,0.1,H1,0.1304,H2,0.1202,H14,0.1102,H14,0.1102,H401,0.0948,H109,0.1019,E405,0.9364,E405,0.9364,0.0,0.2401
E501,Pits are unavailable if closed.,,0.0,,0.0,H4,0.1633,H10,0.1818,H11,0.1905,H8,0.2424,H11,0.1778,H507,0.2286,H304,0.1667,E501,1.0,E501,1.0,0.0,0.3046
E502,Stay in your pit.,,0.0,,0.0,C13,0.1493,C10,0.1319,C11,0.1404,H14,0.099,H3,0.1,H108,0.1121,H401,0.1304,E502,0.6275,E502,0.6275,0.0,0.1925
E503,Keep aisles clear.,,0.0,,0.0,A3,0.1081,A3,0.0548,H2,0.0377,H6,0.0526,H6,0.0526,H404,0.0606,H504,0.05,E503,1.0,E503,1.0,0.0,0.2197
E504,No sparks or flames.,,0.0,,0.0,H3,0.1942,S4,0.2,S4,0.2174,S5,0.2174,S5,0.2174,H505,0.1165,H110,0.1121,E504,0.9706,E504,0.9706,0.0,0.2924
E505,Nothing too big.,,0.0,,0.0,S3,0.1528,S1,0.1389,S1,0.1471,S1,0.1471,S1,0.1471,H108,0.1273,H107,0.1132,E505,1.0,E505,1.0,0.0,0.2703
E506,No brazing or welding.,,0.0,,0.0,S10,0.1443,A3,0.1284,S1,0.1356,S1,0.1356,S1,0.1356,H502,0.14,H402,0.1333,E506,1.0,E506,1.0,0.0,0.2684
E507,Solder with specific tools only.,,0.0,,0.0,S10,0.1319,A3,0.1359,S2,0.1266,H2,0.0966,H2,0.0959,H402,0.1228,H402,0.1228,E507,1.0,E507,1.0,0.0,0.2575
E508,Structures must be safe.,,0.0,,0.0,C11,0.1647,S4,0.1321,S4,0.1429,S6,0.1493,H3,0.1463,H507,0.1379,H501,0.1163,E508,1.0,E508,1.0,0.0,0.2718
E509,Secure team identification assets.,,0.0,,0.0,S10,0.1702,A3,0.1321,S2,0.122,H4,0.1282,H4,0.1282,H402,0.1197,H402,0.1197,E509,1.0,E509,1.0,0.0,0.2655
E510,No automated tools overnight,,0.0,,0.0,H6,0.2162,H9,0.1639,H14,0.1569,H8,0.2857,C11,0.2128,H507,0.2162,H312,0.2373,E501,0.3158,E501,0.3158,0.0,0.1928
E511,Pit Power Limit.,,0.0,,0.0,S3,0.0909,H9,0.1159,S4,0.1176,H14,0.1429,H14,0.1429,H507,0.0889,H501,0.0822,E502,0.2254,E502,0.2254,0.0,0.112
E601,Inspection for TEST & PRACTICE AREAS.,,0.0,,0.0,C7,0.1786,S2,0.1846,C6,0.1869,C6,0.2075,C6,0.2075,H202,0.1622,H506,0.15,E117,0.8627,E601,0.8627,0.0,0.273
E602,Practice only when/where permitted.,,0.0,,0.0,C5,0.1477,C10,0.1194,C11,0.1368,H12,0.1209,H3,0.1345,H304,0.1667,H306,0.1209,E107,0.987,E602,0.987,0.0,0.2655
E603,TEST/PRACTICE AREA attendance is limited.,,0.0,,0.0,C6,0.1152,S1,0.125,S1,0.131,S7,0.1421,S7,0.1413,H104,0.1514,H104,0.1514,E402,0.1493,E603,0.9405,0.0,0.1861
E604,Give ROBOTS space.,,0.0,,0.0,C10,0.1374,S5,0.1709,S5,0.1553,H3,0.125,H3,0.0889,H309,0.1,H309,0.1102,E117,0.137,E604,0.8723,0.0,0.1725
E605,Be ready to DISABLE.,,0.0,,0.0,A2,0.1429,H4,0.1071,H3,0.1972,H3,0.1351,H3,0.1176,H305,0.1458,H403,0.1538,E404,0.1786,E605,1.0,0.0,0.198
E606,Be safe.,,0.0,,0.0,S11,0.2162,S2,0.1538,S2,0.2353,H15,0.2414,H15,0.2414,H108,0.2933,H312,0.303,E402,0.1194,E606,0.8235,0.0,0.2389
E701,Carts must be safe and easy to use.,,0.0,,0.0,H14,0.1071,A3,0.1163,H2,0.1345,H2,0.0938,H2,0.093,H402,0.1031,H402,0.1031,E601,1.0,E701,1.0,0.0,0.2501
E702,Carts shouldn’t be too big.,,0.0,,0.0,H11,0.0714,H3,0.0882,H4,0.0645,H6,0.0851,H6,0.0851,H404,0.0952,H504,0.1224,E602,0.875,E702,0.875,0.0,0.2147
E703,Carts can’t park anywhere.,,0.0,,0.0,H2,0.1639,H2,0.1639,H5,0.1639,H12,0.125,H12,0.125,H107,0.1125,H312,0.127,E603,1.0,E703,1.0,0.0,0.271
E704,No noisy carts.,,0.0,,0.0,C11,0.1412,S5,0.1468,S5,0.1263,H3,0.2045,H3,0.1951,H403,0.2151,H110,0.1593,E604,1.0,E704,1.0,0.0,0.2898
E705,No motor driven carts.,,0.0,,0.0,H6,0.2143,H11,0.1818,H8,0.1875,H8,0.1538,H7,0.1379,H507,0.1429,H503,0.125,E605,1.0,E705,1.0,0.0,0.2857
E706,Small ROBOT carts are allowed on the FIELD,,0.0,,0.0,S6,0.144,S4,0.1404,S5,0.1359,S5,0.1321,H3,0.1333,H309,0.1182,H309,0.1102,E606,0.86,E706,0.86,0.0,0.2395
E801,"If in the pits during Ceremonies, shhhhhh.",,0.0,,0.0,C11,0.1538,H9,0.1818,S2,0.1364,H7,0.1538,H7,0.1538,H308,0.1282,H306,0.1457,E701,0.9892,E801,0.9892,0.0,0.2756
E802,Pit person limit during Ceremonies is 5.,,0.0,,0.0,H7,0.16,H6,0.1558,H7,0.1818,H15,0.1455,H15,0.1455,H507,0.1951,H308,0.1455,E702,1.0,E802,1.0,0.0,0.2845
E803,Be respectful during anthems.,,0.0,,0.0,C10,0.141,H8,0.1078,C7,0.1275,C7,0.1272,C7,0.1136,H301,0.119,H109,0.0959,E703,1.0,E803,1.0,0.0,0.2575
E901,No saving seats.,,0.0,,0.0,S3,0.1294,S1,0.1059,C7,0.1132,S1,0.1111,H3,0.1395,H104,0.1306,H104,0.1306,E801,1.0,E901,1.0,0.0,0.26
E902,Don’t throw items from the stands.,,0.0,,0.0,H9,0.2,H9,0.1786,H10,0.125,H15,0.1739,C11,0.2381,H308,0.1739,H308,0.1739,E802,1.0,E902,1.0,0.0,0.2967
G101,"Humans, remain outside the FIELD.",G4,0.2716,G4,0.254,S6,0.3234,S3,0.4247,S3,0.4314,S2,0.3636,S2,0.3593,H104,0.4839,H104,0.4839,G101,0.7019,G101,0.7122,0.254,0.4373
G102,Never step over the guardrail.,G3,0.1495,G2,0.1932,S4,0.1888,S3,0.8138,S3,0.8,S2,0.7095,S2,0.7028,H104,0.8935,H104,0.8935,G102,0.9199,G102,0.9226,0.1495,0.6534
G103,Be careful what you interact with.,G16,0.1329,G25,0.1355,G15,0.1818,G19,0.1582,S3,0.1412,H16,0.3916,H16,0.3916,H108,0.5755,H109,0.4908,G103,0.7815,G103,0.7867,0.1329,0.3788
G104,Teams may not enable their ROBOTS on the FIELD.,G14,0.3374,G10,0.5793,G6,0.6065,G8,0.7181,G2,0.724,G2,0.8671,G2,0.844,H302,0.9345,H302,0.9581,G104,0.9971,G104,1.0,0.3374,0.7787
G201,Be a good person.,G15,0.2286,G4,0.1119,C1,0.2878,C2,0.2789,C2,0.2707,C2,0.807,C2,0.807,H101,0.8,H101,0.9018,G201,0.9973,G201,1.0,0.1119,0.5901
G202,Don’t bang on the glass.,G3,0.254,G2,0.2143,G24,0.3043,S2,0.2647,S2,0.2535,H15,0.7213,H15,0.7213,H308,0.7541,H308,0.7541,G202,0.9836,G202,1.0,0.2143,0.5659
G203,Asking other teams to throw a MATCH – not cool.,G7,0.1192,G17,0.1421,C2,0.8114,C3,0.8127,C3,0.8367,C3,0.8451,C3,0.8451,H105,0.8797,H105,0.881,G203,0.9856,G203,0.9918,0.1192,0.7409
G204,Letting someone coerce you into throwing a MATCH – also not cool.,G7,0.1102,G44,0.1329,C3,0.796,C4,0.804,C4,0.8452,C4,0.7992,C4,0.7992,H106,0.8898,H106,0.8902,G204,0.9791,G204,0.9916,0.1102,0.7307
G205,Throwing your own MATCH is bad.,G5,0.1303,G19,0.19,C2,0.1843,C3,0.2011,C3,0.2011,S7,0.2105,S7,0.2095,H105,0.1984,H107,0.837,G205,0.9876,G205,1.0,0.1303,0.3954
G206,Don't violate rules for RPs.,G30,0.1571,G44,0.2054,C8,0.1854,G12,0.1829,G5,0.1333,C8,0.2422,C8,0.2422,G209,0.2051,H111,0.5904,G206,0.6289,G206,0.8831,0.1333,0.3324
G207,Don’t abuse ARENA access.,G6,0.1462,G8,0.1303,H7,0.2323,H8,0.725,H13,0.7149,H13,0.8541,H13,0.8392,H107,0.947,H108,0.9429,G207,0.9648,G207,0.9932,0.1303,0.6809
G208,Show up to your Qualification MATCHES.,G12,0.1684,G20,0.1565,C7,0.5333,C6,0.5369,C6,0.5655,C6,0.6389,C6,0.6389,H305,0.7612,H305,0.7612,G208,0.9449,G208,0.96,0.1565,0.606
G209,Keep your ROBOT together.,G25,0.3667,G27,0.2927,G16,0.4444,G6,0.4444,G21,0.4,G19,0.7568,G19,0.7568,G105,0.7568,G105,0.7568,G210,0.9231,G209,1.0,0.2927,0.6271
G210,Don’t expect to gain by doing others harm.,G18,0.1152,G11,0.223,C8,0.4541,C7,0.4665,C8,0.4679,C8,0.5464,C8,0.5464,G201,0.5468,G201,0.5788,G211,0.4992,G210,0.6629,0.1152,0.4643
G211,Egregious or exceptional violations.,G4,0.1031,G4,0.1089,S6,0.1285,C1,0.1916,C1,0.1881,C1,0.5802,C1,0.5794,H201,0.6581,H201,0.6734,G212,0.7774,G211,0.8064,0.1031,0.4359
G212,All teams can play.,G24,0.2326,G32,0.2353,G19,0.2192,S4,0.2308,S4,0.25,H8,0.2963,S5,0.25,H305,0.2222,H305,0.2222,G210,0.2759,G212,0.9873,0.2192,0.3111
G301,Be prompt.,G10,0.1419,G8,0.1628,G2,0.1579,G2,0.2013,C7,0.2052,C7,0.2171,C7,0.2661,H301,0.2789,H301,0.9023,G301,0.9634,G301,0.9699,0.1419,0.4061
G302,Limit what you use during a MATCH,G11,0.1352,G8,0.1373,H12,0.2004,H7,0.2252,H1,0.226,H1,0.3497,H1,0.3497,H303,0.3575,H303,0.348,G302,0.3533,G302,0.3605,0.1352,0.2766
G303,Start your ROBOTS.,G7,0.3899,G7,0.417,G1,0.4373,G1,0.4561,G1,0.4711,G1,0.4583,G1,0.4374,H309,0.5032,H309,0.4865,G303,0.5714,G303,0.8658,0.3899,0.4995
G401,Behind the lines.,G5,0.1856,G15,0.4804,A1,0.6182,A1,0.7576,H9,0.1182,G4,0.7519,G4,0.7519,H401,0.8406,H401,0.8291,G401,0.951,G401,1.0,0.1182,0.6622
G402,Let the ROBOT do its thing.,G19,0.2796,G14,0.5234,A2,0.6602,A2,0.4626,S6,0.2824,G5,0.5714,G5,0.5714,H403,0.7679,H403,0.6939,G402,0.8571,G402,0.9167,0.2796,0.5988
G403,Limited AUTO opponent interaction.,G19,0.1957,G13,0.2783,G17,0.2303,A4,0.209,G3,0.2222,G3,0.2752,G3,0.2752,G210,0.322,G303,0.2828,G405,0.5614,G403,0.4219,0.1957,0.2976
G404,ROBOTS: use SCORING ELEMENTS as directed.,G1,0.2027,G32,0.2564,G21,0.3486,G20,0.3889,G8,0.3758,G8,0.3974,G8,0.4336,G402,0.4559,G402,0.438,G406,0.7801,G406,0.8302,0.2027,0.4461
G405,Keep SCORING ELEMENTS in bounds.,G17,0.2326,G42,0.3333,G22,0.2791,G21,0.2268,G7,0.3529,G7,0.3478,G7,0.2857,G401,0.561,G401,0.6,G407,0.6207,G407,0.7778,0.2268,0.4198
G406,Don’t abuse SCORING ELEMENTS.,G16,0.3192,G11,0.2141,G15,0.3827,G19,0.432,G15,0.3722,G26,0.4798,G26,0.4911,G301,0.4907,G301,0.4969,G410,0.9279,G408,1.0,0.2141,0.5097
G407,Only score while in your ALLIANCE ZONE.,G31,0.1739,G27,0.2642,G24,0.2917,G17,0.137,G14,0.3103,G13,0.2857,G13,0.2857,H506,0.3137,G208,0.303,G423,0.2892,G405,0.3462,0.137,0.2728
G408,Don’t catch FUEL,G22,0.1309,G38,0.2581,G27,0.2655,G22,0.2175,G4,0.161,G6,0.1836,G6,0.1836,H103,0.1779,H103,0.1779,G403,0.3203,G409,0.3707,0.1309,0.2224
G409,ROBOTS must be safe.,G1,0.3439,G1,0.3636,S3,0.3448,S1,0.3655,S1,0.3404,S1,0.3404,S1,0.3404,G101,0.3711,G101,0.378,G411,0.8543,G413,0.9062,0.3404,0.4499
G410,Keep your BUMPERS low,G17,0.2292,G3,0.1982,C11,0.2157,S5,0.2063,S5,0.1964,G20,0.24,G20,0.24,G103,0.2892,G103,0.2892,G415,0.3469,G416,0.5082,0.1964,0.269
G411,Don’t damage the FIELD,G16,0.3243,G1,0.1549,G15,0.2148,G19,0.2508,S2,0.2095,G26,0.2752,G26,0.2828,G301,0.2993,G301,0.2993,G410,0.4943,G416,1.0,0.1549,0.3459
G412,Watch your FIELD interaction.,G16,0.3514,G11,0.1748,G15,0.3084,G19,0.3681,G15,0.2989,G26,0.4239,G26,0.4343,G301,0.5016,G301,0.4887,G415,0.7364,G417,0.9749,0.1748,0.4601
G413,Expansion limits.,G16,0.11,G11,0.0919,G15,0.0958,G19,0.0772,G9,0.0909,G25,0.1131,G25,0.1139,G205,0.1031,G205,0.0996,G413,0.2929,G415,0.3132,0.0772,0.1365
G414,Don’t Climb on each other.,G12,0.209,G42,0.2295,G14,0.4444,G17,0.3846,H7,0.1556,G13,0.2933,G13,0.2933,G209,0.3158,G208,0.3099,G408,0.1978,G411,0.2581,0.1556,0.281
G415,Stay out of other ROBOTS.,G18,0.1235,G40,0.1637,G11,0.0952,G25,0.0903,C8,0.099,G25,0.2777,G25,0.2764,G205,0.5132,G205,0.6236,G418,0.6068,G423,0.6241,0.0903,0.3176
G416,This isn’t combat robotics.,G18,0.0982,G11,0.1459,G27,0.1197,G2,0.124,C7,0.1236,G25,0.216,G25,0.2125,G205,0.2568,G206,0.3278,G418,0.3477,G423,0.3547,0.0982,0.2115
G417,Don’t tip or entangle.,G11,0.1433,G44,0.1824,G27,0.1863,G10,0.1905,G8,0.1837,G23,0.3483,G23,0.3563,G206,0.7723,G206,0.9266,G419,0.9633,G424,0.9975,0.1433,0.4773
G418,There’s a 3-count on PINS.,G22,0.0867,G22,0.2248,G11,0.2321,G14,0.2571,G18,0.2188,G21,0.541,G21,0.5294,G202,0.506,G202,0.506,G420,0.8894,G425,0.9189,0.0867,0.4464
G419,Don’t collude with your partners to shut down major parts of game play.,G5,0.1503,G38,0.2157,G10,0.4426,G12,0.4504,G8,0.1853,G22,0.5967,G22,0.5967,G203,0.5789,G203,0.5982,G421,0.712,G426,0.7443,0.1503,0.4792
G420,TOWER protection.,G33,0.1786,G13,0.2677,G13,0.25,G18,0.236,G13,0.3511,G12,0.2639,G12,0.2603,G208,0.4052,G209,0.2778,G423,0.3443,G428,0.6724,0.1786,0.3188
G421,No wandering.,G5,0.1429,G34,0.1203,C12,0.5411,C9,0.5426,C10,0.5489,C10,0.557,C10,0.5676,H307,0.6927,H307,0.6927,G425,0.8519,G429,0.9845,0.1203,0.5675
G422,DRIVE COACHES and other teams: hands off the controls.,G32,0.6018,G35,0.605,H1,0.7119,H1,0.6885,H4,0.7368,H4,0.6792,H4,0.6792,H501,0.7719,H501,0.7719,G426,0.9635,G430,0.9853,0.6018,0.745
G423,"DRIVE TEAMS, watch your reach.",G4,0.2031,G4,0.1935,S8,0.2095,S6,0.2574,S6,0.2683,S6,0.2651,S6,0.2651,H507,0.3514,H505,0.3059,G427,0.4595,G431,0.48,0.1935,0.2962
G424,Humans: use SCORING ELEMENTS as directed.,G30,0.2764,G15,0.2087,G21,0.3838,G20,0.3529,G8,0.3613,G8,0.2695,G8,0.3158,G402,0.3492,G402,0.3307,G428,0.8376,G432,0.7719,0.2087,0.4053
G425,SCORING ELEMENT delivery.,G33,0.4615,G33,0.3571,H8,0.2474,H13,0.1963,H10,0.2651,H6,0.375,H6,0.375,H404,0.4533,H504,0.3902,G430,0.381,G433,0.4808,0.1963,0.3621
G426,"DRIVE COACHES, SCORING ELEMENTS are off limits.",G31,0.4571,G36,0.625,H6,0.5789,H11,0.5116,H8,0.5238,H7,0.5128,H7,0.5128,H503,0.6667,H503,0.6667,G427,0.3158,G434,0.95,0.3158,0.5747
G427,The OUTPOST has a storage limit.,G17,0.2182,G4,0.1882,S8,0.2333,S6,0.2414,S6,0.2268,S6,0.2245,S6,0.2245,H403,0.2097,H504,0.1731,G426,0.2714,G435,0.4865,0.1731,0.2452
G501,Leave promptly.,G13,0.2716,G29,0.2162,H10,0.2222,S4,0.2075,S2,0.2927,H15,0.2778,H15,0.2778,H108,0.3146,H312,0.9,G501,0.988,G501,1.0,0.2075,0.4517
I101,It’s your team’s ROBOT.,,0.0,,0.0,I1,0.2385,I1,0.238,I1,0.2364,I1,0.8672,I1,0.8672,I101,0.9545,I101,0.9693,I101,0.9726,I101,0.9829,0.0,0.5751
I102,Get inspected before playing a Qualification MATCH.,,0.0,,0.0,I2,0.6368,I2,0.6368,I2,0.6368,I2,0.6051,I2,0.6051,I102,0.6535,I102,0.6535,I102,0.6535,I102,0.9933,0.0,0.5522
I103,Bring it all to inspection.,,0.0,,0.0,I3,0.4339,I3,0.4574,I3,0.4699,I3,0.8889,I3,0.8889,I103,0.9574,I103,0.9574,I103,0.9574,I103,0.9574,0.0,0.6335
I104,"Unless the change is listed below, any change to a ROBOT must get re-inspected.",,0.0,,0.0,I5,0.395,I4,0.3962,I4,0.3994,I4,0.8472,I4,0.8587,I104,0.9326,I104,0.9326,I104,1.0,I104,1.0,0.0,0.6147
I105,Don’t exploit re-inspection.,,0.0,,0.0,C2,0.1451,C3,0.14,C3,0.1586,I5,0.9486,I5,0.9424,I105,0.9948,I105,0.9948,I105,0.9948,I105,0.9948,0.0,0.574
I106,ROBOTS are off for inspection (mostly).,,0.0,,0.0,I8,0.9695,I6,0.9695,I6,0.9728,I7,0.9627,I7,0.9793,I106,1.0,I106,1.0,I106,1.0,I106,1.0,0.0,0.8049
I107,"No STUDENT, no inspection.",,0.0,,0.0,H1,0.4337,H1,0.4138,H4,0.4304,I8,0.8406,I8,0.8406,I107,1.0,I107,1.0,I107,1.0,I107,1.0,0.0,0.6326
Q101,Head REFEREE Interactions.,,0.0,,0.0,C9,0.3265,C8,0.3425,C9,0.3546,C9,0.3262,C9,0.3404,H202,0.3676,H202,0.4656,Q101,0.3672,Q101,0.4542,0.0,0.3041
Q102,Conversations must be civil.,,0.0,,0.0,C9,0.1802,C8,0.2,C9,0.2286,C9,0.2286,C9,0.2095,H202,0.22,H202,0.1569,Q101,0.1455,Q101,0.135,0.0,0.1549
R101,ROBOT PERIMETER must be fixed.,R54,0.1308,R2,0.5507,R1,0.7139,R1,0.7316,R1,0.7558,R1,0.8479,R1,0.8414,R101,0.8846,R101,0.8846,R101,0.891,R101,0.9779,0.1308,0.7464
R102,STARTING CONFIGURATION – no overhang.,R9,0.1126,R4,0.7321,R2,0.848,R2,0.8571,R2,0.5,R2,0.927,R2,0.927,R102,0.9786,R102,0.9786,R102,0.9786,R102,1.0,0.1126,0.8036
R103,ROBOT weight limit.,R4,0.6566,R5,0.7391,R4,0.759,R5,0.7463,R5,0.6456,R5,0.8738,R5,0.8738,R103,0.9048,R103,0.9048,R103,0.9005,R103,0.9238,0.6456,0.8116
R104,STARTING CONFIGURATION – max size.,R3,0.3411,R3,0.3208,R3,0.3766,R3,0.4234,R3,0.8324,R3,0.8471,R3,0.8471,R104,0.8814,R104,0.8814,R104,0.9029,R104,0.904,0.3208,0.6871
R105,ROBOT horizontal extension limit.,R9,0.1389,R3,0.2692,R3,0.2718,R4,0.3095,R4,0.6333,R4,0.6032,R4,0.6032,R105,0.7107,R105,0.7107,R105,0.72,R105,0.7874,0.1389,0.5235
R106,Horizontal extension – one direction at a time.,R4,0.1237,R19,0.1365,R22,0.1545,R23,0.1397,R6,0.0725,R17,0.1603,R17,0.1545,R401,0.1641,R401,0.1641,R102,0.1302,R102,0.1581,0.0725,0.1417
R107,ROBOT vertical extension limit.,R78,0.1961,R22,0.3587,R23,0.3571,R24,0.3509,R25,0.3433,R18,0.3493,R18,0.3493,R402,0.3478,R402,0.3478,R402,0.3478,R405,0.3733,0.1961,0.3383
R108,ROBOT extension floor interaction,R16,0.2041,R17,0.1633,A2,0.1667,R43,0.1379,R44,0.1379,H3,0.1842,H3,0.1714,R105,0.1667,H403,0.1791,E604,0.1714,E704,0.1714,0.1379,0.1686
R201,No digging into carpet.,R5,0.82,R6,0.8,R5,0.7636,R6,0.8,R7,0.8,R6,0.9333,R6,0.9333,R201,0.9725,R201,0.9725,R201,1.0,R201,1.0,0.7636,0.8905
R202,No exposed sharp edges.,R7,0.3624,R8,0.3857,R6,0.3913,R7,0.3881,R8,0.403,R7,0.506,R7,0.506,R202,0.5714,R202,0.5814,R202,0.5882,R202,0.6279,0.3624,0.4829
R203,General safety.,R8,0.7154,R9,0.6973,R7,0.8148,R8,0.8098,R9,0.7221,R8,0.7875,R8,0.7875,R203,0.8603,R203,0.8562,R203,0.8918,R203,0.8918,0.6973,0.8031
R204,Leave SCORING ELEMENTS at the FIELD.,R6,0.7167,R7,0.6259,R8,0.6143,R9,0.7818,R10,0.7818,R9,0.7818,R9,0.8595,R204,0.878,R204,0.8571,R204,0.8943,R204,1.0,0.6143,0.7992
R205,Don’t contaminate the FIELD.,R16,0.359,R17,0.4103,R9,0.3556,R10,0.3556,R11,0.4615,R10,0.4615,R10,0.4615,R205,0.5909,R205,0.5909,R205,0.5909,R205,0.5909,0.3556,0.4753
R206,Don’t damage SCORING ELEMENTS.,R78,0.1351,R89,0.1351,R6,0.1538,H10,0.1386,R8,0.1439,R7,0.1818,R7,0.1818,R202,0.1798,R206,0.8438,R206,0.878,R206,1.0,0.1351,0.3611
R301,Individual item cost limit.,R10,0.469,R11,0.4767,R11,0.4794,R12,0.4782,R13,0.4821,R13,0.5359,R12,0.9344,R301,1.0,R301,1.0,R301,1.0,R301,1.0,0.469,0.7142
R302,"MAJOR MECHANISM, from this year only.",R12,0.1364,R13,0.0976,C4,0.1147,C5,0.1139,C5,0.1119,H2,0.1205,H2,0.12,H102,0.1091,H102,0.1091,R905,0.1121,R302,1.0,0.0976,0.195
R303,"Create new designs and software, unless they’re public.",R13,0.9231,R14,0.928,R14,0.9371,R15,0.9437,R16,0.952,R15,0.9745,R18,0.089,R303,0.9874,R303,0.9874,R303,0.9916,R303,0.9916,0.089,0.8823
R401,BUMPERS almost all around.,R2,0.1263,R19,0.2918,R22,0.2605,R23,0.2556,R24,0.2838,R17,0.234,R17,0.2409,R401,0.2731,R401,0.2731,R401,0.5217,R401,0.5532,0.1263,0.3013
R402,BUMPER construction.,R12,0.0626,R21,0.1742,R29,0.2004,R30,0.1934,R23,0.0898,R24,0.164,R24,0.1703,R408,0.1726,R408,0.1651,R408,0.1747,R402,0.8992,0.0626,0.2242
R403,BUMPER extension limit.,R51,0.1905,R23,0.303,R24,0.303,R25,0.303,R26,0.303,R19,0.303,R19,0.303,R403,0.2703,R403,0.2703,R403,0.2703,R403,0.7,0.1905,0.32
R404,BUMPERS must be soft.,R83,0.114,R94,0.1353,R99,0.1456,R100,0.1456,R28,0.1497,R21,0.1525,R91,0.1509,R405,0.1532,R405,0.1434,R410,0.1462,R404,0.8302,0.114,0.2061
R405,BUMPERS interact with BUMPERS.,R69,0.1164,R22,0.216,R23,0.2151,R24,0.2353,R25,0.2231,R18,0.2266,R18,0.2266,R402,0.2335,R402,0.2335,R402,0.2335,R405,0.4603,0.1164,0.2382
R406,Fill BUMPER corners.,R2,0.1374,R24,0.3478,R30,0.3704,R31,0.3883,R32,0.3883,R25,0.3495,R25,0.3784,R409,0.434,R409,0.434,R409,0.434,R406,0.7305,0.1374,0.3993
R407,BUMPERS shouldn’t be wedges.,R58,0.1064,R22,0.113,C1,0.1084,R95,0.1,R93,0.1129,R86,0.1129,H2,0.1196,R813,0.1102,R813,0.1102,R502,0.17,R407,0.9517,0.1,0.1923
R408,Weight limit with BUMPERS.,R26,0.209,R79,0.2041,R24,0.1818,R25,0.1818,R35,0.1818,R10,0.186,R10,0.186,R403,0.2162,R403,0.2162,R403,0.2162,R408,0.913,0.1818,0.2629
R409,BUMPERS should be passive.,R69,0.1745,R23,0.2121,R24,0.2121,R25,0.2121,R26,0.2121,R19,0.2121,R19,0.2121,R403,0.2286,R403,0.2286,R403,0.2286,E605,0.2651,0.1745,0.218
R410,BUMPERS must come off.,R29,0.1633,R25,0.8049,R25,0.8049,R26,0.8049,R27,0.8049,R20,0.8049,R20,0.8049,R404,0.961,R404,0.961,R404,0.961,R410,1.0,0.1633,0.8069
R411,BUMPERS indicate your ALLIANCE.,R83,0.1531,R27,0.2763,R26,0.6791,R27,0.6786,R28,0.6,R21,0.6527,R21,0.5369,R405,0.7729,R405,0.7874,R405,0.7984,R411,0.9421,0.1531,0.6252
R412,Team number on BUMPERS.,R2,0.2851,R27,0.3938,R27,0.5387,R28,0.7515,R29,0.753,R22,0.7556,R22,0.7435,R406,0.7655,R406,0.7983,R406,0.8736,R412,0.8855,0.2851,0.6858
R501,Allowable motors.,R18,0.3409,R29,0.4362,R32,0.4652,R33,0.4798,R34,0.5758,R27,0.7771,R27,0.7839,R501,0.7573,R501,0.7768,R501,0.8043,R501,0.9371,0.3409,0.6486
R502,Only 4 propulsion motors.,R5,0.1257,R2,0.145,S3,0.1057,R61,0.1053,R99,0.1028,C5,0.1098,C5,0.1098,R608,0.1156,H309,0.1325,R502,0.9071,R502,0.9071,0.1028,0.2606
R503,Don’t modify motors (mostly).,R19,0.5896,R30,0.7064,R33,0.7127,R34,0.6891,R35,0.2452,R28,0.8709,R28,0.8709,R502,0.9182,R502,0.9182,R503,0.9336,R503,0.9336,0.2452,0.7626
R504,Power (most) actuators off of approved devices.,R41,0.4392,R52,0.4498,R34,0.4767,R35,0.5354,R36,0.5841,R29,0.6856,R29,0.6888,R503,0.7976,R503,0.8048,R504,0.8082,R504,0.8548,0.4392,0.6477
R505,Don’t overload controllers.,R42,0.4373,R53,0.4723,R35,0.4213,R36,0.4141,R37,0.4205,R30,0.5239,R30,0.5148,R504,0.7529,R504,0.7407,R505,0.7709,R505,0.7527,0.4141,0.5656
R506,Control servos safely.,R43,0.2791,R54,0.4468,R36,0.7547,R37,0.7619,R38,0.6457,R31,0.8367,R31,0.8367,R505,0.8824,R505,0.8824,R506,0.8824,R506,0.991,0.2791,0.7454
R601,Battery limit – everyone has the same power.,R20,0.6248,R31,0.6326,R37,0.6995,R38,0.7586,R29,0.114,R32,0.7343,R32,0.7343,R601,0.7865,R601,0.7865,R601,0.8322,R601,0.8322,0.114,0.685
R602,Other batteries for cameras or computers only.,R20,0.2347,R31,0.2248,R37,0.2238,R39,0.7155,R40,0.7281,R33,0.7034,R33,0.7089,R602,0.7679,R602,0.8939,R602,0.9265,R602,1.0,0.2238,0.648
R603,Charge batteries with safe connectors.,R22,0.1739,R17,0.2381,R38,0.8718,R40,0.8718,R41,0.8718,R34,0.8718,R34,0.8718,R603,1.0,R603,1.0,R603,1.0,R603,1.0,0.1739,0.7974
R604,Charge batteries at a safe rate.,R22,0.2308,R33,0.2308,R39,0.7778,R41,0.84,R42,0.84,R35,0.84,R35,0.84,R604,0.9643,R604,0.9643,R604,1.0,R604,1.0,0.2308,0.7753
R605,Batteries are not ballast.,R21,0.8293,R32,0.8293,R40,0.8293,R42,0.8333,R43,0.8333,R36,0.9024,R36,0.9024,R605,1.0,R605,1.0,R605,1.0,R605,1.0,0.8293,0.9054
R606,Secure the battery.,R22,0.7857,R33,0.7857,R41,0.7857,R43,0.9508,R44,0.9508,R37,0.9508,R37,0.9508,R606,1.0,R606,1.0,R606,1.0,R606,1.0,0.7857,0.9237
R607,Insulate battery connections.,R23,0.9123,R34,0.9474,R42,0.9474,R44,0.9474,R45,0.9474,R38,0.9474,R38,0.9474,R607,1.0,R607,1.0,R607,1.0,R607,1.0,0.9123,0.9633
R608,Limit non-battery energy.,R24,0.8439,R35,0.869,R43,0.9359,R45,0.9359,R46,0.9359,R39,0.9359,R39,0.8902,R608,1.0,R608,1.0,R608,1.0,R608,1.0,0.8439,0.9406
R609,Connect main power safely.,R25,0.529,R36,0.5446,R44,0.581,R46,0.581,R47,0.5865,R40,0.5802,R40,0.5865,R609,0.6918,R609,0.6918,R609,0.6978,R609,0.8765,0.529,0.6315
R610,1 breaker/fuse per circuit.,R26,0.6,R37,0.5294,R45,0.5657,R47,0.5657,R48,0.5657,R41,0.5657,R41,0.5657,R610,0.6939,R610,0.6939,R610,0.6939,R610,0.7778,0.5294,0.6197
R611,The ROBOT frame is not a wire.,R27,0.4729,R38,0.618,R46,0.7672,R48,0.8083,R49,0.8571,R42,0.9,R42,0.871,R611,0.9798,R611,0.9879,R611,0.9879,R611,0.9799,0.4729,0.8391
R612,Must be able to turn ROBOT on and off safely.,R28,0.56,R39,0.5682,R47,0.7647,R49,0.75,R50,0.7647,R43,0.7358,R43,0.7647,R612,0.8224,R612,0.8224,R612,0.9879,R612,1.0,0.56,0.7764
R613,Electrical system must be inspectable.,R29,0.3333,R40,0.3333,R48,0.3871,R50,0.3871,R51,0.3871,R44,0.3934,R44,0.3934,R613,0.5075,R613,0.9691,R613,0.9691,R613,0.9495,0.3333,0.5464
R614,No high voltage allowed.,R30,0.3774,R41,0.6327,R49,0.6327,R51,0.6327,R52,0.6327,R45,0.6327,R45,0.6327,R614,0.7255,R614,0.7255,R614,0.7255,R614,1.0,0.3774,0.6682
R615,Power roboRIO as specified.,R31,0.3855,R42,0.3855,R50,0.3636,R52,0.3855,R53,0.3855,R46,0.3855,R46,0.3855,R615,0.4186,R615,0.4186,R615,0.3697,R615,0.3354,0.3354,0.3836
R616,Power radio as specified – Part 1.,R32,0.2615,R43,0.4686,R51,0.4885,R53,0.49,R54,0.2767,R47,0.4857,R47,0.4804,R616,0.6783,R616,0.6783,R616,0.6443,R616,0.5667,0.2615,0.5017
R617,Power radio as specified – Part 2.,R33,0.234,R42,0.2256,R56,0.2193,R54,0.2211,R55,0.2258,R48,0.2256,R48,0.2353,R617,0.3089,R617,0.3089,R617,0.3065,R615,0.3412,0.2193,0.2593
R618,Use PD terminals as designed.,R34,0.6415,R45,0.8846,R53,0.8846,R55,0.8846,R56,0.8846,R49,0.8846,R49,0.8846,R618,0.9441,R618,0.9441,R618,0.9441,R618,0.9212,0.6415,0.8821
R619,Only use specified circuit breakers in a PD.,R35,0.4071,R46,0.4071,R54,0.4915,R56,0.5289,R57,0.5289,R50,0.5289,R50,0.5289,R619,0.6901,R619,0.7517,R619,0.7517,R619,0.8639,0.4071,0.589
R620,Only use specified fuses in PD.,R36,0.2154,R47,0.2154,R55,0.2154,R57,0.2154,R58,0.2154,R51,0.4,R51,0.3797,R620,0.829,R620,0.829,R620,0.829,R620,0.9266,0.2154,0.4791
R621,Protect circuits with appropriate circuit breakers.,R37,0.5046,R48,0.5873,R56,0.6197,R58,0.6215,R59,0.6296,R52,0.715,R52,0.7196,R621,0.8232,R621,0.8232,R621,0.864,R621,0.895,0.5046,0.7093
R622,Use appropriately sized wire.,R38,0.4297,R49,0.5193,R57,0.5665,R59,0.5933,R60,0.5669,R53,0.7573,R53,0.7742,R622,0.7616,R622,0.7353,R622,0.7714,R622,0.8119,0.4297,0.6625
R623,Use only appropriate connectors.,R39,0.8462,R50,0.8462,R58,0.8462,R60,0.8462,R61,0.8462,R54,0.9302,R54,0.9302,R623,1.0,R623,1.0,R623,1.0,R623,1.0,0.8462,0.9174
R624,Use specified wire colors (mostly).,R40,0.7795,R51,0.7795,R59,0.7795,R61,0.7826,R62,0.7826,R55,0.939,R55,0.9756,R624,1.0,R624,1.0,R624,1.0,R624,1.0,0.7795,0.8926
R625,Don’t modify critical power paths.,R44,0.5058,R55,0.8513,R60,0.863,R62,0.8655,R63,0.8916,R56,0.8916,R56,0.8916,R625,0.9702,R625,0.9702,R625,0.991,R625,0.9852,0.5058,0.8797
R626,VH-109 PoE passthrough.,R58,0.125,R87,0.1299,S12,0.1297,R39,0.1272,R40,0.1302,R33,0.1243,R33,0.1236,R616,0.1333,R616,0.1333,R616,0.1171,R626,1.0,0.1171,0.2067
R701,Control the ROBOT with a roboRIO.,R45,0.6923,R56,0.6667,R61,0.6923,R63,0.7121,R64,0.75,R57,0.75,R57,0.7059,R701,0.9589,R701,0.9589,R701,0.9589,R701,0.9589,0.6667,0.8004
R702,Communicate with the ROBOT with the specified radio.,R46,0.5846,R57,0.5547,R62,0.6207,R64,0.6207,R65,0.6207,R58,0.6207,R58,0.6207,R702,0.7154,R702,0.7154,R702,0.7934,R702,0.966,0.5547,0.6757
R703,Use specific Ethernet port for roboRIO.,R59,0.1414,R70,0.1395,R63,0.4065,R65,0.4116,R66,0.4116,R59,0.4116,R59,0.4116,R703,0.4889,R703,0.4889,R703,0.4856,R703,0.7848,0.1395,0.4165
R704,Only use allowed ports and bandwidth to communicate with the ROBOT.,R49,0.7236,R60,0.735,R65,0.7574,R66,0.631,R67,0.6395,R60,0.6298,R60,0.6395,R704,0.9087,R704,0.9087,R704,0.9087,R704,0.9517,0.6298,0.7667
R705,Configure devices for your team number.,R50,0.7879,R61,0.7879,R66,0.7879,R67,0.7879,R68,0.7879,R61,0.7879,R61,0.7879,R705,1.0,R705,1.0,R705,1.0,R705,1.0,0.7879,0.865
R706,Don’t bypass the ARENA network.,R51,0.8636,R62,0.8636,R67,0.8636,R68,0.8182,R69,0.8636,R62,0.8636,R62,0.7308,R706,1.0,R706,1.0,R706,1.0,R706,1.0,0.7308,0.897
R707,Limited wireless allowed.,R52,0.2623,R63,0.6804,R68,0.7241,R69,0.7241,R70,0.7241,R63,0.8216,R63,0.8216,R707,0.8526,R707,0.8526,R707,0.8526,R707,0.9951,0.2623,0.7556
R708,Wireless bridge must be visible.,R53,0.8539,R64,0.8539,R69,0.8539,R70,0.8539,R71,0.8539,R64,0.8539,R64,0.8539,R708,1.0,R708,1.0,R708,1.0,R708,1.0,0.8539,0.907
R709,ROBOTS must have a signal light.,R54,0.7156,R65,0.729,R70,0.733,R71,0.7545,R72,0.3217,R65,0.7713,R65,0.787,R709,0.8364,R709,0.9316,R709,0.9487,R709,0.9487,0.3217,0.7707
R710,Only specified modifications to control system devices permitted.,R55,0.7461,R66,0.7572,R71,0.7761,R72,0.7757,R73,0.7393,R66,0.8493,R66,0.8493,R710,0.927,R710,0.9342,R710,0.9696,R710,0.9679,0.7393,0.8447
R711,Don’t connect motor outputs to roboRIO.,R56,0.6486,R67,0.8772,R72,0.8772,R73,0.8772,R74,0.8772,R67,0.8772,R67,0.8772,R711,1.0,R711,1.0,R711,1.0,R711,1.0,0.6486,0.9011
R712,Control PWM controllers from the roboRIO.,R57,0.8034,R68,0.8889,R73,0.8702,R74,0.7355,R75,0.755,R68,0.755,R68,0.755,R712,0.8153,R712,0.8153,R712,0.828,R712,0.8734,0.7355,0.8086
R713,Only approved MXP devices can control actuators.,R58,0.6645,R69,0.8711,R74,0.911,R75,0.934,R76,0.9195,R69,0.9195,R69,0.9008,R713,1.0,R713,1.0,R713,1.0,R713,1.0,0.6645,0.92
R714,Control CAN motor controllers from the roboRIO.,R59,0.6809,R70,0.676,R75,0.6879,R76,0.856,R77,0.856,R70,0.856,R70,0.856,R714,0.904,R714,0.9889,R714,0.9889,R714,1.0,0.676,0.85
R715,"Control PCM, PH, and Servo Hub from roboRIO.",R60,0.62,R71,0.62,R76,0.62,R77,0.7209,R78,0.7209,R71,0.7209,R71,0.7209,R715,0.8911,R715,0.8776,R715,0.8776,R715,0.9515,0.62,0.7583
R716,Don’t alter the CAN bus.,R61,0.3667,R73,0.5882,R78,0.5868,R79,0.6303,R80,0.5699,R73,0.6867,R73,0.7215,R717,0.9841,R717,0.9841,R717,0.9841,R716,0.9841,0.3667,0.7352
R717,USB to CAN adapter permitted.,R43,0.1647,R54,0.2151,R77,0.1414,R78,0.1414,R38,0.1746,R73,0.1509,R73,0.1589,R718,0.9815,R718,0.9815,R718,0.9815,R717,1.0,0.1414,0.4629
R801,Only use explicitly permitted pneumatic parts,R63,0.806,R74,0.8358,R79,0.8358,R80,0.8358,R81,0.8485,R74,0.9062,R74,0.9062,R801,1.0,R801,1.0,R801,1.0,R801,1.0,0.806,0.9068
R802,No custom pneumatics and meet minimum pressure ratings.,R64,0.2835,R75,0.2835,R80,0.5,R81,0.7914,R82,0.7914,R75,0.7914,R75,0.759,R802,0.8673,R802,0.8673,R802,0.8585,R802,0.8585,0.2835,0.6956
R803,Don’t modify pneumatics.,R65,0.9585,R76,0.9585,R81,0.9585,R82,0.9585,R83,0.9585,R76,0.9585,R76,0.9585,R803,0.982,R803,0.982,R803,1.0,R803,1.0,0.9585,0.9703
R804,Only use specific pneumatic devices.,R66,0.4306,R77,0.5379,R82,0.6972,R83,0.7303,R84,0.9161,R77,0.9199,R77,0.9199,R804,0.9579,R804,0.9579,R804,0.9556,R804,0.9556,0.4306,0.8163
R805,"If using pneumatics, these parts are required.",R67,0.6132,R78,0.5963,R83,0.6133,R84,0.6325,R85,0.6344,R78,0.6333,R78,0.6167,R805,0.963,R805,0.9672,R805,0.9836,R805,0.9836,0.5963,0.7488
R806,Compressed air from ROBOT compressor only.,R68,0.2687,R79,0.2985,R84,0.3333,R85,0.625,R86,0.7159,R79,0.89,R79,0.89,R806,0.9585,R806,0.9585,R806,0.9537,R806,0.9537,0.2687,0.7133
R807,Air storage pressure limit.,R70,0.8308,R81,0.8308,R86,0.8657,R87,0.8657,R87,0.8657,R80,0.8657,R80,0.8657,R807,0.9296,R807,0.9296,R807,0.973,R807,0.973,0.8308,0.8905
R808,Working air pressure limit.,R71,0.6481,R82,0.6789,R87,0.6552,R88,0.6609,R88,0.7521,R81,0.8099,R81,0.8099,R808,0.864,R808,0.864,R808,0.9496,R808,0.9496,0.6481,0.7857
R809,Limited devices at high pressure.,R72,0.6154,R83,0.6154,R88,0.8296,R89,0.8889,R89,0.8976,R82,0.8444,R82,0.8976,R809,0.9394,R809,0.9394,R809,0.9333,R809,0.9333,0.6154,0.8486
R810,Pressure gauges must be visible.,R73,0.5714,R84,0.7333,R89,0.7333,R90,0.7333,R90,0.7333,R83,0.7333,R83,0.7333,R810,0.96,R810,0.96,R810,1.0,R810,1.0,0.5714,0.8083
R811,Relief valve requirements.,R76,0.655,R87,0.7143,R92,0.7179,R93,0.7516,R91,0.5047,R84,0.929,R84,0.929,R811,0.9494,R811,0.9494,R811,0.9193,R811,0.9193,0.5047,0.8126
R812,Pressure switch requirements.,R77,0.6438,R88,0.6485,R93,0.6485,R94,0.6485,R92,0.6507,R85,0.6507,R85,0.64,R812,0.9745,R812,1.0,R812,1.0,R812,1.0,0.64,0.7732
R813,Vent plug requirements.,R78,0.7111,R89,0.7111,R94,0.7111,R95,0.7111,R93,0.9697,R86,0.9697,R86,0.9697,R813,1.0,R813,1.0,R813,1.0,R813,1.0,0.7111,0.8867
R814,Don’t connect solenoid outputs together.,R79,0.2373,R90,0.2388,R95,0.2769,R96,0.2812,R94,0.3214,R87,0.3214,R87,0.3214,R814,0.4839,R814,0.4839,R814,1.0,R814,1.0,0.2373,0.4515
R901,Use the specified Driver Station Software.,R80,0.84,R91,0.8421,R96,0.8553,R97,0.8477,R95,0.8477,R88,0.902,R88,0.902,R901,0.9873,R901,0.9747,R901,0.9873,R901,0.9873,0.84,0.9067
R902,The OPERATOR CONSOLE must have a visible display.,R81,0.7238,R92,0.896,R97,0.912,R98,0.912,R96,0.912,R89,0.912,R89,0.912,R902,1.0,R902,1.0,R902,1.0,R902,1.0,0.7238,0.9254
R903,Connect FMS Ethernet directly to the OPERATOR CONSOLE.,R82,0.9032,R93,0.9113,R98,0.9194,R99,0.9194,R97,0.9194,R90,0.8906,R90,0.9194,R903,1.0,R903,1.0,R903,1.0,R903,1.0,0.8906,0.9439
R904,OPERATOR CONSOLE physical requirements.,R83,0.498,R94,0.5097,R99,0.7093,R100,0.7157,R98,0.2732,R91,0.712,R91,0.694,R904,0.7233,R904,0.7391,R904,0.7781,R904,0.7903,0.2732,0.6493
R905,FIELD wireless only.,R52,0.3043,R95,0.9571,R100,0.9315,R101,0.9379,R99,0.9787,R92,0.9787,R92,0.9787,R905,1.0,R905,1.0,R905,1.0,R905,1.0,0.3043,0.9152
R906,No unsafe OPERATOR CONSOLES.,R52,0.1961,R67,0.1786,R101,0.2109,R102,0.2101,R100,0.931,R93,0.8182,R93,0.8182,R906,1.0,R906,1.0,R906,1.0,R906,1.0,0.1786,0.6694
R907,No AC inverters.,R22,0.1176,R23,0.2,R24,0.2,R25,0.2,R26,0.2,R19,0.2,R19,0.2,R906,0.1951,R906,0.1951,R906,0.1951,R907,1.0,0.1176,0.2639
T201,Replays will be the same.,T8,0.1525,T9,0.1838,H4,0.2029,H4,0.1912,H3,0.2384,H3,0.2727,H3,0.2432,H402,0.2404,T301,0.8617,T201,0.8617,T201,1.0,0.1525,0.4044
T301,"Measurement, not practice.",T1,0.1039,T5,0.0924,H2,0.1679,S4,0.1509,S2,0.2222,T1,0.5093,T1,0.5093,T401,0.6536,T401,0.6364,T301,0.6753,T301,0.9158,0.0924,0.4216
T601,Send your STUDENT representatives.,T19,0.1049,T13,0.1327,C7,0.1717,C6,0.1421,C6,0.1554,C6,0.1458,C6,0.1458,H305,0.1648,T701,0.3296,T601,0.3296,T601,1.0,0.1049,0.2566
T602,STUDENTS must outnumber adults.,T19,0.1316,T32,0.1299,T10,0.1587,T10,0.1483,T3,0.0971,T2,0.0864,H10,0.087,T901,0.0905,T701,0.3043,T601,0.3043,T602,1.0,0.0864,0.2307
T603,Only STUDENTS may use the mic.,T8,0.1282,T27,0.2273,H9,0.1923,H2,0.1875,S6,0.2308,S6,0.2264,S6,0.2264,H202,0.1892,T704,0.2308,T604,0.2308,T603,1.0,0.1282,0.2791
T604,Only the ALLIANCE CAPTAIN may invite an ALLIANCE.,T16,0.1386,T28,0.1791,H13,0.1818,T4,0.1875,H10,0.2368,H3,0.1111,T2,0.1148,H311,0.2162,H311,0.2078,T603,0.1935,T604,1.0,0.1111,0.2516
T605,Picks are time limited.,T15,0.1007,T33,0.1095,T11,0.1095,T11,0.1095,T3,0.1204,T2,0.1183,T3,0.1004,T701,0.1183,H301,0.1703,T601,0.0938,T605,1.0,0.0938,0.1955
T606,Declining teams can’t be picked.,T8,0.129,T28,0.1411,T12,0.1333,T12,0.1338,C3,0.098,C4,0.1063,T3,0.1111,H105,0.1017,T702,0.1848,T602,0.7952,T606,0.8281,0.098,0.2511
T610,BACKUP TEAMS due 2 minutes before the MATCH start time.,T19,0.2131,T33,0.2184,T11,0.2184,T11,0.2184,C6,0.1277,T3,0.1603,T2,0.1624,H305,0.125,T706,0.9041,T606,0.9431,T610,1.0,0.125,0.3901
T611,Be there to be a BACKUP TEAM.,T17,0.1414,T28,0.1846,C10,0.1983,T6,0.1333,H3,0.1687,H6,0.1739,H6,0.1739,H305,0.1852,T707,0.9189,T607,0.9189,T611,1.0,0.1333,0.3816
T612,Send a BACKUP TEAM Representative.,T19,0.1455,T28,0.1509,T8,0.1456,T8,0.1456,C6,0.1339,C6,0.1502,C6,0.1502,H305,0.1481,T708,0.6889,T608,1.0,T612,1.0,0.1339,0.3508
T613,LINEUPS due 2 minutes before the MATCH.,T19,0.1318,T34,0.3656,T12,0.3736,T12,0.3747,T3,0.2283,T2,0.217,T3,0.1225,T701,0.2134,T709,0.987,T609,1.0,T613,1.0,0.1225,0.4558
T614,"For replays, no changing LINEUPS (mostly).",T20,0.216,T35,0.6122,T13,0.6081,T13,0.5931,C10,0.1346,T3,0.2897,T2,0.2958,H505,0.1527,T703,0.4425,T610,1.0,T614,1.0,0.1346,0.4859
