id,2022,2023,2024,2025,2026,years_present
C301,0,0,1,1,1,3
E101,0,0,1,1,1,3
E102,0,0,1,1,1,3
E103,0,0,1,1,1,3
E104,0,0,1,1,1,3
E105,0,0,1,1,1,3
E106,0,0,1,1,1,3
E107,0,0,1,1,1,3
E108,0,0,1,1,1,3
E109,0,0,1,1,1,3
E110,0,0,1,1,1,3
E111,0,0,1,1,1,3
E112,0,0,1,1,1,3
E113,0,0,1,1,1,3
E114,0,0,1,1,1,3
E115,0,0,1,1,1,3
E116,0,0,1,1,1,3
E117,0,0,1,1,1,3
E118,0,0,0,0,1,1
E201,0,0,1,1,1,3
E301,0,0,1,1,1,3
E302,0,0,1,1,1,3
E303,0,0,1,1,1,3
E304,0,0,1,0,0,1
E401,0,0,1,1,1,3
E402,0,0,1,1,1,3
E403,0,0,1,1,1,3
E404,0,0,1,1,1,3
E405,0,0,1,1,1,3
E501,0,0,1,1,1,3
E502,0,0,1,1,1,3
E503,0,0,1,1,1,3
E504,0,0,1,1,1,3
E505,0,0,1,1,1,3
E506,0,0,1,1,1,3
E507,0,0,1,1,1,3
E508,0,0,1,1,1,3
E509,0,0,1,1,1,3
E510,0,0,0,0,1,1
E511,0,0,0,0,1,1
E601,0,0,1,1,1,3
E602,0,0,1,1,1,3
E603,0,0,1,1,1,3
E604,0,0,1,1,1,3
E605,0,0,1,1,1,3
E606,0,0,1,1,1,3
E701,0,0,1,1,1,3
E702,0,0,1,1,1,3
E703,0,0,1,1,1,3
E704,0,0,0,1,1,2
E705,0,0,0,1,1,2
E706,0,0,0,1,1,2
E801,0,0,1,1,1,3
E802,0,0,1,1,1,3
E803,0,0,0,1,1,2
E901,0,0,0,1,1,2
E902,0,0,0,1,1,2
G101,1,1,1,1,1,5
G102,1,1,1,1,1,5
G103,1,1,1,1,1,5
G104,1,1,1,1,1,5
G105,1,1,0,0,0,2
G106,1,1,0,0,0,2
G107,1,1,0,0,0,2
G108,1,1,0,0,0,2
G109,1,1,0,0,0,2
G201,1,1,1,1,1,5
G202,1,1,1,1,1,5
G203,1,1,1,1,1,5
G204,1,1,1,1,1,5
G205,1,1,1,1,1,5
G206,1,1,1,1,1,5
G207,1,1,1,1,1,5
G208,1,1,1,1,1,5
G209,1,1,1,1,1,5
G210,1,0,1,1,1,4
G211,0,0,1,1,1,3
G212,0,0,1,1,1,3
G301,1,1,1,1,1,5
G302,1,1,1,1,1,5
G303,0,1,1,1,1,4
G304,0,1,0,0,0,1
G305,0,1,0,0,0,1
G306,0,1,0,0,0,1
G401,1,1,1,1,1,5
G402,1,1,1,1,1,5
G403,1,1,1,1,1,5
G404,1,1,1,1,1,5
G405,1,1,1,1,1,5
G406,0,0,1,1,1,3
G407,0,0,1,1,1,3
G408,0,0,1,1,1,3
G409,0,0,1,1,1,3
G410,0,0,1,1,1,3
G411,0,0,1,1,1,3
G412,0,0,1,1,1,3
G413,0,0,1,1,1,3
G414,0,0,1,1,1,3
G415,0,0,1,1,1,3
G416,0,0,1,1,1,3
G417,0,0,1,1,1,3
G418,0,0,1,1,1,3
G419,0,0,1,1,1,3
G420,0,0,1,1,1,3
G421,0,0,1,1,1,3
G422,0,0,1,1,1,3
G423,0,0,1,1,1,3
G424,0,0,1,1,1,3
G425,0,0,1,1,1,3
G426,0,0,1,1,1,3
G427,0,0,1,1,1,3
G428,0,0,1,1,0,2
G429,0,0,1,1,0,2
G430,0,0,1,1,0,2
G431,0,0,0,1,0,1
G432,0,0,0,1,0,1
G433,0,0,0,1,0,1
G434,0,0,0,1,0,1
G435,0,0,0,1,0,1
G501,0,0,1,1,1,3
H101,1,1,0,0,0,2
H102,1,1,0,0,0,2
H103,1,1,0,0,0,2
H104,1,1,0,0,0,2
H105,1,1,0,0,0,2
H106,1,1,0,0,0,2
H107,1,1,0,0,0,2
H108,1,1,0,0,0,2
H109,0,1,0,0,0,1
H110,0,1,0,0,0,1
H111,0,1,0,0,0,1
H201,1,1,0,0,0,2
H202,1,1,0,0,0,2
H301,1,1,0,0,0,2
H302,1,1,0,0,0,2
H303,1,1,0,0,0,2
H304,1,1,0,0,0,2
H305,1,1,0,0,0,2
H306,1,1,0,0,0,2
H307,1,1,0,0,0,2
H308,1,1,0,0,0,2
H309,1,1,0,0,0,2
H310,1,1,0,0,0,2
H311,1,1,0,0,0,2
H312,1,1,0,0,0,2
H401,1,1,0,0,0,2
H402,1,1,0,0,0,2
H403,1,1,0,0,0,2
H404,1,0,0,0,0,1
H501,1,1,0,0,0,2
H502,1,1,0,0,0,2
H503,1,1,0,0,0,2
H504,1,1,0,0,0,2
H505,1,1,0,0,0,2
H506,1,1,0,0,0,2
H507,1,0,0,0,0,1
I101,1,1,1,1,1,5
I102,1,1,1,1,1,5
I103,1,1,1,1,1,5
I104,1,1,1,1,1,5
I105,1,1,1,1,1,5
I106,1,1,1,1,1,5
I107,1,1,1,1,1,5
R101,1,1,1,1,1,5
R102,1,1,1,1,1,5
R103,1,1,1,1,1,5
R104,1,1,1,1,1,5
R105,1,1,1,1,1,5
R106,0,0,1,0,1,2
R107,0,0,0,0,1,1
R108,0,0,0,0,1,1
R201,1,1,1,1,1,5
R202,1,1,1,1,1,5
R203,1,1,1,1,1,5
R204,1,1,1,1,1,5
R205,1,1,1,1,1,5
R206,0,1,1,1,1,4
R301,1,1,1,1,1,5
R302,1,1,1,1,1,5
R303,1,1,1,1,1,5
R304,1,1,1,1,0,4
R401,1,1,1,1,1,5
R402,1,1,1,1,1,5
R403,1,1,1,1,1,5
R404,1,1,1,1,1,5
R405,1,1,1,1,1,5
R406,1,1,1,1,1,5
R407,1,1,1,1,1,5
R408,1,1,1,1,1,5
R409,1,1,1,1,1,5
R410,1,1,1,1,1,5
R411,0,0,0,1,1,2
R412,0,0,0,1,1,2
R501,1,1,1,1,1,5
R502,1,1,1,1,1,5
R503,1,1,1,1,1,5
R504,1,1,1,1,1,5
R505,1,1,1,1,1,5
R506,0,0,1,1,1,3
R601,1,1,1,1,1,5
R602,1,1,1,1,1,5
R603,1,1,1,1,1,5
R604,1,1,1,1,1,5
R605,1,1,1,1,1,5
R606,1,1,1,1,1,5
R607,1,1,1,1,1,5
R608,1,1,1,1,1,5
R609,1,1,1,1,1,5
R610,1,1,1,1,1,5
R611,1,1,1,1,1,5
R612,1,1,1,1,1,5
R613,1,1,1,1,1,5
R614,1,1,1,1,1,5
R615,1,1,1,1,1,5
R616,1,1,1,1,1,5
R617,1,1,1,1,1,5
R618,1,1,1,1,1,5
R619,1,1,1,1,1,5
R620,1,1,1,1,1,5
R621,1,1,1,1,1,5
R622,1,1,1,1,1,5
R623,1,1,1,1,1,5
R624,1,1,1,1,1,5
R625,1,1,1,1,1,5
R626,0,0,0,1,1,2
R701,1,1,1,1,1,5
R702,1,1,1,1,1,5
R703,1,1,1,1,1,5
R704,1,1,1,1,1,5
R705,1,1,1,1,1,5
R706,1,1,1,1,1,5
R707,1,1,1,1,1,5
R708,1,1,1,1,1,5
R709,1,1,1,1,1,5
R710,1,1,1,1,1,5
R711,1,1,1,1,1,5
R712,1,1,1,1,1,5
R713,1,1,1,1,1,5
R714,1,1,1,1,1,5
R715,1,1,1,1,1,5
R716,1,1,1,1,1,5
R717,1,1,1,1,1,5
R718,1,1,1,0,0,3
R801,1,1,1,1,1,5
R802,1,1,1,1,1,5
R803,1,1,1,1,1,5
R804,1,1,1,1,1,5
R805,1,1,1,1,1,5
R806,1,1,1,1,1,5
R807,1,1,1,1,1,5
R808,1,1,1,1,1,5
R809,1,1,1,1,1,5
R810,1,1,1,1,1,5
R811,1,1,1,1,1,5
R812,1,1,1,1,1,5
R813,1,1,1,1,1,5
R814,1,1,1,1,1,5
R901,1,1,1,1,1,5
R902,1,1,1,1,1,5
R903,1,1,1,1,1,5
R904,1,1,1,1,1,5
R905,1,1,1,1,1,5
R906,1,1,1,1,1,5
R907,0,0,0,1,1,2
T201,0,0,1,1,1,3
T301,0,1,1,1,1,4
T401,1,1,0,0,0,2
T601,0,0,1,1,1,3
T602,0,0,1,1,1,3
T603,0,0,1,1,1,3
T604,0,0,1,1,1,3
T605,0,0,1,1,1,3
T606,0,0,1,1,1,3
T607,0,0,1,0,0,1
T608,0,0,1,0,0,1
T609,0,0,1,0,0,1
T610,0,0,1,1,1,3
T611,0,0,0,1,1,2
T612,0,0,0,1,1,2
T613,0,0,0,1,1,2
T614,0,0,0,1,1,2
T701,1,1,0,0,0,2
T702,1,1,0,0,0,2
T703,0,1,0,0,0,1
T704,0,1,0,0,0,1
T705,0,1,0,0,0,1
T706,0,1,0,0,0,1
T707,0,1,0,0,0,1
T708,0,1,0,0,0,1
T709,0,1,0,0,0,1
T710,0,1,0,0,0,1
T901,1,1,0,0,0,2
