rule_id,prefix,years,n_years,contiguous,min_yoy,mean_yoy,last_yoy,headline_last,yoy_detail
A1,A,"2017,2018",2,1,0.7866,0.7866,0.7866,Behind the lines.,2017->2018:0.7866
A2,A,"2017,2018",2,1,0.6615,0.6615,0.6615,"During AUTO, let the ROBOT do its thing.",2017->2018:0.6615
A3,A,"2017,2018",2,1,0.617,0.617,0.617,Disconnect or set down controllers.,2017->2018:0.617
A4,A,"2017,2018",2,1,0.6446,0.6446,0.6446,Stay out of your opponent’s side of the FIELD.,2017->2018:0.6446
A5,A,"2017,2018",2,1,0.3125,0.3125,0.3125,POWER CUBES are off-limits.,2017->2018:0.3125
C1,C,"2017,2018,2019,2020,2021",5,1,0.1258,0.6114,0.9983,Egregious behavior beyond what is listed in the rules or,2017->2018:0.1258;2018->2019:0.9635;2019->2020:0.3581;2020->2021:0.9983
C2,C,"2017,2018,2019,2020,2021",5,1,0.191,0.6316,0.9858,"All teams must be civil toward their team members, other team members,",2017->2018:0.191;2018->2019:0.8978;2019->2020:0.4519;2020->2021:0.9858
C3,C,"2017,2018,2019,2020,2021",5,1,0.6628,0.886,1.0,"A team may not encourage an ALLIANCE, of",2017->2018:0.6628;2018->2019:0.9535;2019->2020:0.9276;2020->2021:1.0
C4,C,"2017,2018,2019,2020,2021",5,1,0.0596,0.7187,0.9886,"A team, as the result of",2017->2018:0.0596;2018->2019:0.9379;2019->2020:0.8885;2020->2021:0.9886
C5,C,"2017,2018,2019,2020,2021",5,1,0.2476,0.7139,0.9945,Each registered FIRST Robotics Competition team may enter only one,2017->2018:0.2476;2018->2019:0.947;2019->2020:0.6667;2020->2021:0.9945
C6,C,"2017,2018,2019,2020,2021",5,1,0.1288,0.6521,0.962,"Upon each team’s ROBOT passing initial, complete Inspection, the",2017->2018:0.1288;2018->2019:0.939;2019->2020:0.5786;2020->2021:0.962
C7,C,"2017,2018,2019,2020,2021",5,1,0.0327,0.4539,0.9204,DRIVE TEAMS may not cause,2017->2018:0.08;2018->2019:0.0327;2019->2020:0.7824;2020->2021:0.9204
C8,C,"2017,2018,2019,2020,2021",5,1,0.048,0.4157,1.0,Strategies clearly aimed at forcing the opponent,2017->2018:0.0761;2018->2019:0.048;2019->2020:0.5385;2020->2021:1.0
C9,C,"2017,2018,2019,2020,2021",5,1,0.0569,0.4664,0.8654,. A team may only send one (1) pre-college student from its,2017->2018:0.0569;2018->2019:0.078;2019->2020:0.8654;2020->2021:0.8654
C10,C,"2017,2018,2019,2020,2021",5,1,0.0585,0.5086,0.9767,Plug in to/be in your PLAYER STATION,2017->2018:0.0585;2018->2019:0.0896;2019->2020:0.9097;2020->2021:0.9767
C11,C,"2017,2019,2021",3,0,,,,Don’t trick the sensors.,2017->2019:None;2019->2021:None
C301,C,"2024,2025,2026",3,1,1.0,1.0,1.0,Wear your buttons.,2024->2025:1.0;2025->2026:1.0
E101,E,"2024,2025,2026",3,1,1.0,1.0,1.0,Personal safety comes first.,2024->2025:1.0;2025->2026:1.0
E102,E,"2024,2025,2026",3,1,0.9618,0.9809,1.0,Be nice.,2024->2025:0.9618;2025->2026:1.0
E103,E,"2024,2025,2026",3,1,1.0,1.0,1.0,"Children with adults, please.",2024->2025:1.0;2025->2026:1.0
E104,E,"2024,2025,2026",3,1,1.0,1.0,1.0,Respect the venue.,2024->2025:1.0;2025->2026:1.0
E105,E,"2024,2025,2026",3,1,1.0,1.0,1.0,Teams must check in.,2024->2025:1.0;2025->2026:1.0
E106,E,"2024,2025,2026",3,1,0.9524,0.9762,0.9524,Some event resources for event teams only.,2024->2025:1.0;2025->2026:0.9524
E107,E,"2024,2025,2026",3,1,0.1548,0.4319,0.7091,Work in designated areas only.,2024->2025:0.1548;2025->2026:0.7091
E108,E,"2024,2025,2026",3,1,0.1527,0.5133,0.8739,Some things don’t belong at events.,2024->2025:0.1527;2025->2026:0.8739
E109,E,"2024,2025,2026",3,1,0.1957,0.5978,1.0,Don’t arrange for additional utilities.,2024->2025:0.1957;2025->2026:1.0
E110,E,"2024,2025,2026",3,1,0.1096,0.5548,1.0,Don’t sell stuff.,2024->2025:0.1096;2025->2026:1.0
E111,E,"2024,2025,2026",3,1,0.3333,0.6666,1.0,Don’t give out food.,2024->2025:0.3333;2025->2026:1.0
E112,E,"2024,2025,2026",3,1,0.1053,0.5526,1.0,"Make FIRST loud, but with restrictions.",2024->2025:0.1053;2025->2026:1.0
E113,E,"2024,2025,2026",3,1,0.0958,0.5374,0.979,Hang banners with care.,2024->2025:0.0958;2025->2026:0.979
E114,E,"2024,2025,2026",3,1,0.068,0.407,0.746,Limit flag and flagpole size.,2024->2025:0.068;2025->2026:0.746
E115,E,"2024,2025,2026",3,1,0.0208,0.5104,1.0,No firearms.,2024->2025:0.0208;2025->2026:1.0
E116,E,"2024,2025,2026",3,1,0.0811,0.5405,1.0,Only COTS batteries allowed.,2024->2025:0.0811;2025->2026:1.0
E117,E,"2024,2025,2026",3,1,0.0656,0.0708,0.0761,Do not record anyone at the event without their consent.,2024->2025:0.0656;2025->2026:0.0761
E201,E,"2024,2025,2026",3,1,1.0,1.0,1.0,The ROBOT goes alone to off-site machine shops.,2024->2025:1.0;2025->2026:1.0
E301,E,"2024,2025,2026",3,1,1.0,1.0,1.0,No wireless communication.,2024->2025:1.0;2025->2026:1.0
E302,E,"2024,2025,2026",3,1,0.9829,0.9857,0.9829,Don’t interfere with wireless networks.,2024->2025:0.9885;2025->2026:0.9829
E303,E,"2024,2025,2026",3,1,0.9,0.95,0.9,Tethered operation outside FIELDS/PRACTICE AREAS.,2024->2025:1.0;2025->2026:0.9
E401,E,"2024,2025,2026",3,1,0.6528,0.8232,0.6528,Load in during Load-In.,2024->2025:0.9935;2025->2026:0.6528
E402,E,"2024,2025,2026",3,1,0.95,0.975,0.95,Load-In person limit is 6.,2024->2025:1.0;2025->2026:0.95
E403,E,"2024,2025,2026",3,1,0.4048,0.6068,0.8088,Load-In Restrictions.,2024->2025:0.4048;2025->2026:0.8088
E404,E,"2024,2025,2026",3,1,1.0,1.0,1.0,Pit must be left in a safe state.,2024->2025:1.0;2025->2026:1.0
E405,E,"2024,2025,2026",3,1,0.9364,0.9682,0.9364,"Once done, head out.",2024->2025:1.0;2025->2026:0.9364
E501,E,"2024,2025,2026",3,1,1.0,1.0,1.0,Pits are unavailable if closed.,2024->2025:1.0;2025->2026:1.0
E502,E,"2024,2025,2026",3,1,0.5882,0.7941,0.5882,Stay in your pit.,2024->2025:1.0;2025->2026:0.5882
E503,E,"2024,2025,2026",3,1,1.0,1.0,1.0,Keep aisles clear.,2024->2025:1.0;2025->2026:1.0
E504,E,"2024,2025,2026",3,1,0.9706,0.9853,0.9706,No sparks or flames.,2024->2025:1.0;2025->2026:0.9706
E505,E,"2024,2025,2026",3,1,1.0,1.0,1.0,Nothing too big.,2024->2025:1.0;2025->2026:1.0
E506,E,"2024,2025,2026",3,1,1.0,1.0,1.0,No brazing or welding.,2024->2025:1.0;2025->2026:1.0
E507,E,"2024,2025,2026",3,1,1.0,1.0,1.0,Solder with specific tools only.,2024->2025:1.0;2025->2026:1.0
E508,E,"2024,2025,2026",3,1,1.0,1.0,1.0,Structures must be safe.,2024->2025:1.0;2025->2026:1.0
E509,E,"2024,2025,2026",3,1,1.0,1.0,1.0,Secure team identification assets.,2024->2025:1.0;2025->2026:1.0
E601,E,"2024,2025,2026",3,1,0.0444,0.4536,0.8627,Inspection for TEST & PRACTICE AREAS.,2024->2025:0.0444;2025->2026:0.8627
E602,E,"2024,2025,2026",3,1,0.044,0.5155,0.987,Practice only when/where permitted.,2024->2025:0.044;2025->2026:0.987
E603,E,"2024,2025,2026",3,1,0.0522,0.4964,0.9405,TEST/PRACTICE AREA attendance is limited.,2024->2025:0.0522;2025->2026:0.9405
E604,E,"2024,2025,2026",3,1,0.1163,0.4943,0.8723,Give ROBOTS space.,2024->2025:0.1163;2025->2026:0.8723
E605,E,"2024,2025,2026",3,1,0.1053,0.5526,1.0,Be ready to DISABLE.,2024->2025:0.1053;2025->2026:1.0
E606,E,"2024,2025,2026",3,1,0.08,0.4517,0.8235,Be safe.,2024->2025:0.08;2025->2026:0.8235
E701,E,"2024,2025,2026",3,1,0.0299,0.515,1.0,Carts must be safe and easy to use.,2024->2025:0.0299;2025->2026:1.0
E702,E,"2024,2025,2026",3,1,0.0513,0.4632,0.875,Carts shouldn’t be too big.,2024->2025:0.0513;2025->2026:0.875
E703,E,"2024,2025,2026",3,1,0.0816,0.5408,1.0,Carts can’t park anywhere.,2024->2025:0.0816;2025->2026:1.0
E704,E,"2025,2026",2,1,1.0,1.0,1.0,No noisy carts.,2025->2026:1.0
E705,E,"2025,2026",2,1,1.0,1.0,1.0,No motor driven carts.,2025->2026:1.0
E706,E,"2025,2026",2,1,0.86,0.86,0.86,Small ROBOT carts are allowed on the FIELD,2025->2026:0.86
E801,E,"2024,2025,2026",3,1,0.0896,0.5394,0.9892,"If in the pits during Ceremonies, shhhhhh.",2024->2025:0.0896;2025->2026:0.9892
E802,E,"2024,2025,2026",3,1,0.0513,0.5256,1.0,Pit person limit during Ceremonies is 5.,2024->2025:0.0513;2025->2026:1.0
E803,E,"2025,2026",2,1,1.0,1.0,1.0,Be respectful during anthems.,2025->2026:1.0
E901,E,"2025,2026",2,1,1.0,1.0,1.0,No saving seats.,2025->2026:1.0
E902,E,"2025,2026",2,1,1.0,1.0,1.0,Don’t throw items from the stands.,2025->2026:1.0
G1,G,"2015,2016,2017,2018,2019,2020,2021",7,1,0.1484,0.7527,0.9752,"When placed on the FIELD for a MATCH, each ROBOT must be:",2015->2016:0.9419;2016->2017:0.1484;2017->2018:0.7788;2018->2019:0.8588;2019->2020:0.8129;2020->2021:0.9752
G2,G,"2015,2016,2017,2018,2019,2020,2021",7,1,0.1164,0.6013,0.9627,Teams may not tether to the ROBOT while,2015->2016:0.7451;2016->2017:0.1164;2017->2018:0.8521;2018->2019:0.1183;2019->2020:0.8131;2020->2021:0.9627
G3,G,"2015,2016,2017,2018,2019,2020,2021",7,1,0.0662,0.3442,0.94,"During AUTO, a ROBOT’S BUMPERS may not break the plane of their",2015->2016:0.1163;2016->2017:0.0662;2017->2018:0.553;2018->2019:0.0933;2019->2020:0.2963;2020->2021:0.94
G4,G,"2015,2016,2017,2018,2019,2020,2021",7,1,0.0429,0.3118,1.0,"During AUTO, DRIVE TEAM members in ALLIANCE STATIONS",2015->2016:0.5799;2016->2017:0.1246;2017->2018:0.0429;2018->2019:0.0724;2019->2020:0.0507;2020->2021:1.0
G5,G,"2015,2016,2017,2018,2019,2020,2021",7,1,0.0548,0.2341,1.0,"During AUTO, DRIVE TEAMS may not directly or",2015->2016:0.0667;2016->2017:0.0548;2017->2018:0.0714;2018->2019:0.1026;2019->2020:0.1091;2020->2021:1.0
G6,G,"2015,2016,2017,2018,2019,2020,2021",7,1,0.0736,0.263,1.0,ROBOTS may not have greater-than-momentary,2015->2016:0.1286;2016->2017:0.0736;2017->2018:0.1006;2018->2019:0.1649;2019->2020:0.1105;2020->2021:1.0
G7,G,"2015,2016,2017,2018,2019,2020,2021",7,1,0.0746,0.3899,0.84,ROBOTS may not intentionally eject POWER CELLS from the,2015->2016:0.6491;2016->2017:0.0828;2017->2018:0.0746;2018->2019:0.1562;2019->2020:0.5366;2020->2021:0.84
G8,G,"2015,2016,2017,2018,2019,2020,2021",7,1,0.07,0.2929,0.9474,ROBOTS may not deliberately use POWER CELLS in an attempt,2015->2016:0.1196;2016->2017:0.1028;2017->2018:0.0922;2018->2019:0.07;2019->2020:0.4253;2020->2021:0.9474
G9,G,"2015,2016,2017,2018,2019,2020,2021",7,1,0.0194,0.2222,0.9706,.,2015->2016:0.1681;2016->2017:0.0194;2017->2018:0.0382;2018->2019:0.0792;2019->2020:0.0576;2020->2021:0.9706
G10,G,"2015,2016,2017,2018,2019,2020,2021",7,1,0.0698,0.2667,1.0,Right of way.,2015->2016:0.0741;2016->2017:0.1436;2017->2018:0.1959;2018->2019:0.0698;2019->2020:0.1171;2020->2021:1.0
G11,G,"2015,2016,2017,2018,2019,2020,2021",7,1,0.0588,0.2121,0.9216,Give opponents some space.,2015->2016:0.0657;2016->2017:0.06;2017->2018:0.0588;2018->2019:0.0662;2019->2020:0.1006;2020->2021:0.9216
G12,G,"2015,2017,2018,2019,2020,2021",6,0,0.1046,0.3334,0.9865,Leave the opponent’s CONTROL PANEL alone.,2015->2017:None;2017->2018:0.1183;2018->2019:0.1046;2019->2020:0.124;2020->2021:0.9865
G13,G,"2015,2016,2017,2018,2019,2020,2021",7,1,0.0661,0.295,1.0,Don’t climb on each other unless at the RENDEZVOUS POINT.,2015->2016:0.1667;2016->2017:0.0661;2017->2018:0.146;2018->2019:0.1667;2019->2020:0.2245;2020->2021:1.0
G14,G,"2015,2016,2017,2018,2019,2020,2021",7,1,0.0678,0.2478,1.0,"During the ENDGAME, don’t touch ROBOTS in their RENDEZVOUS POINT.",2015->2016:0.0862;2016->2017:0.0879;2017->2018:0.0678;2018->2019:0.0826;2019->2020:0.1622;2020->2021:1.0
G15,G,"2015,2016,2017,2018,2019,2020,2021",7,1,0.0353,0.2109,0.9641,"During the ENDGAME, don’t mess with HANGING opponents.",2015->2016:0.0901;2016->2017:0.0682;2017->2018:0.0398;2018->2019:0.0353;2019->2020:0.0682;2020->2021:0.9641
G16,G,"2015,2016,2017,2018,2019,2020,2021",7,1,0.0536,0.2462,1.0,Keep your BUMPERS low.,2015->2016:0.0536;2016->2017:0.0833;2017->2018:0.1216;2018->2019:0.1183;2019->2020:0.1007;2020->2021:1.0
G17,G,"2015,2016,2017,2018,2019,2020,2021",7,1,0.0816,0.2749,0.9697,Tall ROBOTS not allowed.,2015->2016:0.1383;2016->2017:0.1719;2017->2018:0.0816;2018->2019:0.1887;2019->2020:0.0995;2020->2021:0.9697
G18,G,"2015,2016,2017,2018,2019,2020,2021",7,1,0.0545,0.2225,0.9563,Don’t overextend yourself.,2015->2016:0.1136;2016->2017:0.062;2017->2018:0.0545;2018->2019:0.0839;2019->2020:0.0645;2020->2021:0.9563
G19,G,"2015,2016,2017,2018,2019,2020,2021",7,1,0.0471,0.2354,1.0,Keep it together.,2015->2016:0.1239;2016->2017:0.0877;2017->2018:0.0471;2018->2019:0.0833;2019->2020:0.0702;2020->2021:1.0
G20,G,"2015,2016,2017,2018,2019,2020,2021",7,1,0.0621,0.2588,1.0,Keep your BUMPERS together.,2015->2016:0.1333;2016->2017:0.1228;2017->2018:0.1115;2018->2019:0.1234;2019->2020:0.0621;2020->2021:1.0
G21,G,"2015,2016,2017,2018,2019,2020,2021",7,1,0.0403,0.2575,0.9718,There’s a 5-count on pins.,2015->2016:0.0403;2016->2017:0.0808;2017->2018:0.1149;2018->2019:0.2247;2019->2020:0.1124;2020->2021:0.9718
G22,G,"2015,2016,2017,2018,2019,2020,2021",7,1,0.059,0.2453,1.0,Don’t collude with your partners to shut down major parts of game play.,2015->2016:0.1088;2016->2017:0.0759;2017->2018:0.1346;2018->2019:0.059;2019->2020:0.0936;2020->2021:1.0
G23,G,"2015,2016,2017,2018,2019,2020,2021",7,1,0.1083,0.2674,0.9737,Don’t tear others down to lift yourself up.,2015->2016:0.1468;2016->2017:0.1266;2017->2018:0.1326;2018->2019:0.1163;2019->2020:0.1083;2020->2021:0.9737
G24,G,"2015,2016,2017,2018,2019,2020,2021",7,1,0.0761,0.2615,1.0,Stay out of other ROBOTS.,2015->2016:0.1429;2016->2017:0.1474;2017->2018:0.0769;2018->2019:0.0761;2019->2020:0.1257;2020->2021:1.0
G25,G,"2015,2016,2017,2018,2020,2021",6,0,0.042,0.2933,0.974,"Damaging other ROBOTS, not allowed.",2015->2016:0.09;2016->2017:0.0674;2017->2018:0.042;2018->2020:None;2020->2021:0.974
G26,G,"2015,2016,2017,2020,2021",5,0,0.1667,0.4343,0.9696,Be careful what you interact with.,2015->2016:0.1667;2016->2017:0.1667;2017->2020:None;2020->2021:0.9696
G27,G,"2015,2016,2017",3,1,0.0645,0.0835,0.0645,One-GEAR limit.,2015->2016:0.1026;2016->2017:0.0645
G28,G,"2015,2016,2017",3,1,0.0933,0.094,0.0933,Don’t use air to direct/redirect FUEL.,2015->2016:0.0947;2016->2017:0.0933
G29,G,"2015,2016",2,1,0.1159,0.1159,0.1159,"During a MATCH, DRIVE TEAMS may not use electronic devices which have the capability of",2015->2016:0.1159
G30,G,"2015,2016",2,1,0.0952,0.0952,0.0952,Only DRIVE TEAMS for the current MATCH are allowed in their respective CASTLES.,2015->2016:0.0952
G31,G,"2015,2016",2,1,0.0196,0.0196,0.0196,DRIVE TEAMS must wear proper identification while in the ARENA. Proper identification consists,2015->2016:0.0196
G32,G,"2015,2016",2,1,0.0222,0.0222,0.0222,Teams may not interfere with any automated scoring hardware.,2015->2016:0.0222
G33,G,"2015,2016",2,1,0.3467,0.3467,0.3467,BOULDERS may only be introduced to the FIELD,2015->2016:0.3467
G34,G,"2015,2016",2,1,0.0526,0.0526,0.0526,No more than six (6) BOULDERS may remain in a CASTLE during TELEOP. If the BOULDER count,2015->2016:0.0526
G101,G,"2022,2023,2024,2025,2026",5,1,0.15,0.7093,0.7122,"Humans, remain outside the FIELD.",2022->2023:0.988;2023->2024:0.15;2024->2025:0.987;2025->2026:0.7122
G102,G,"2022,2023,2024,2025,2026",5,1,0.1143,0.7252,0.9226,Never step over the guardrail.,2022->2023:0.8673;2023->2024:0.1143;2024->2025:0.9968;2025->2026:0.9226
G103,G,"2022,2023,2024,2025,2026",5,1,0.0941,0.7181,0.7867,Be careful what you interact with.,2022->2023:1.0;2023->2024:0.0941;2024->2025:0.9916;2025->2026:0.7867
G104,G,"2022,2023,2024,2025,2026",5,1,0.0935,0.7726,1.0,Teams may not enable their ROBOTS on the FIELD.,2022->2023:1.0;2023->2024:0.0935;2024->2025:0.9971;2025->2026:1.0
G105,G,"2022,2023",2,1,1.0,1.0,1.0,Keep it together.,2022->2023:1.0
G106,G,"2022,2023",2,1,0.654,0.654,0.654,Tall ROBOTS not allowed.,2022->2023:0.654
G107,G,"2022,2023",2,1,0.6667,0.6667,0.6667,Don’t overextend yourself.,2022->2023:0.6667
G108,G,"2022,2023",2,1,0.1188,0.1188,0.1188,"Opponent’s zone, no extension.",2022->2023:0.1188
G109,G,"2022,2023",2,1,0.0305,0.0305,0.0305,Don’t extend in multiple directions,2022->2023:0.0305
G201,G,"2022,2023,2024,2025,2026",5,1,0.0716,0.6672,1.0,Be a good person.,2022->2023:0.6;2023->2024:0.0716;2024->2025:0.9973;2025->2026:1.0
G202,G,"2022,2023,2024,2025,2026",5,1,0.055,0.7597,1.0,Don’t bang on the glass.,2022->2023:1.0;2023->2024:0.055;2024->2025:0.9836;2025->2026:1.0
G203,G,"2022,2023,2024,2025,2026",5,1,0.105,0.75,0.9918,Asking other teams to throw a MATCH – not cool.,2022->2023:0.9178;2023->2024:0.105;2024->2025:0.9856;2025->2026:0.9918
G204,G,"2022,2023,2024,2025,2026",5,1,0.104,0.7644,0.9916,Letting someone coerce you into throwing a MATCH – also not cool.,2022->2023:0.9829;2023->2024:0.104;2024->2025:0.9791;2025->2026:0.9916
G205,G,"2022,2023,2024,2025,2026",5,1,0.061,0.7306,1.0,Throwing your own MATCH is bad.,2022->2023:0.8738;2023->2024:0.061;2024->2025:0.9876;2025->2026:1.0
G206,G,"2022,2023,2024,2025,2026",5,1,0.1222,0.6288,0.8831,Don't violate rules for RPs.,2022->2023:0.8538;2023->2024:0.1222;2024->2025:0.6562;2025->2026:0.8831
G207,G,"2022,2023,2024,2025,2026",5,1,0.068,0.5676,0.9932,Don’t abuse ARENA access.,2022->2023:0.2376;2023->2024:0.068;2024->2025:0.9716;2025->2026:0.9932
G208,G,"2022,2023,2024,2025,2026",5,1,0.0625,0.5403,0.96,Show up to your Qualification MATCHES.,2022->2023:0.1552;2023->2024:0.0625;2024->2025:0.9836;2025->2026:0.96
G209,G,"2022,2023,2024,2025,2026",5,1,0.0659,0.343,1.0,Keep your ROBOT together.,2022->2023:0.2027;2023->2024:0.1033;2024->2025:0.0659;2025->2026:1.0
G210,G,"2022,2024,2025,2026",4,0,0.0532,0.3619,0.6705,Don’t expect to gain by doing others harm.,2022->2024:None;2024->2025:0.0532;2025->2026:0.6705
G211,G,"2024,2025,2026",3,1,0.0449,0.4269,0.8088,Egregious or exceptional violations.,2024->2025:0.0449;2025->2026:0.8088
G212,G,"2024,2025,2026",3,1,0.055,0.5212,0.9873,All teams can play.,2024->2025:0.055;2025->2026:0.9873
G301,G,"2022,2023,2024,2025,2026",5,1,0.0561,0.7395,0.9699,Be prompt.,2022->2023:0.9429;2023->2024:0.0561;2024->2025:0.9893;2025->2026:0.9699
G302,G,"2022,2023,2024,2025,2026",5,1,0.063,0.393,0.3605,Limit what you use during a MATCH,2022->2023:0.1538;2023->2024:0.063;2024->2025:0.9948;2025->2026:0.3605
G303,G,"2023,2024,2025,2026",4,1,0.0762,0.5304,0.8658,Start your ROBOTS.,2023->2024:0.0762;2024->2025:0.6493;2025->2026:0.8658
G401,G,"2022,2023,2024,2025,2026",5,1,0.119,0.7069,1.0,Behind the lines.,2022->2023:0.7576;2023->2024:0.119;2024->2025:0.951;2025->2026:1.0
G402,G,"2022,2023,2024,2025,2026",5,1,0.1261,0.6086,0.9167,Let the ROBOT do its thing.,2022->2023:0.5344;2023->2024:0.1261;2024->2025:0.8571;2025->2026:0.9167
G403,G,"2022,2023,2024,2025,2026",5,1,0.119,0.3736,0.4688,Limited AUTO opponent interaction.,2022->2023:0.5627;2023->2024:0.3441;2024->2025:0.119;2025->2026:0.4688
G404,G,"2022,2023,2024,2025,2026",5,1,0.0889,0.1697,0.0889,ROBOTS: use SCORING ELEMENTS as directed.,2022->2023:0.1922;2023->2024:0.12;2024->2025:0.2778;2025->2026:0.0889
G405,G,"2022,2023,2024,2025,2026",5,1,0.1839,0.235,0.2647,Keep SCORING ELEMENTS in bounds.,2022->2023:0.198;2023->2024:0.1839;2024->2025:0.2933;2025->2026:0.2647
G406,G,"2024,2025,2026",3,1,0.17,0.4395,0.17,Don’t abuse SCORING ELEMENTS.,2024->2025:0.7089;2025->2026:0.17
G407,G,"2024,2025,2026",3,1,0.3243,0.5448,0.3243,Only score while in your ALLIANCE ZONE.,2024->2025:0.7654;2025->2026:0.3243
G408,G,"2024,2025,2026",3,1,0.1084,0.1244,0.1404,Don’t catch FUEL,2024->2025:0.1084;2025->2026:0.1404
G409,G,"2024,2025,2026",3,1,0.1458,0.2667,0.1458,ROBOTS must be safe.,2024->2025:0.3877;2025->2026:0.1458
G410,G,"2024,2025,2026",3,1,0.1259,0.1509,0.1758,Keep your BUMPERS low,2024->2025:0.1259;2025->2026:0.1758
G411,G,"2024,2025,2026",3,1,0.045,0.1236,0.2022,Don’t damage the FIELD,2024->2025:0.045;2025->2026:0.2022
G412,G,"2024,2025,2026",3,1,0.0581,0.0794,0.1008,Watch your FIELD interaction.,2024->2025:0.0581;2025->2026:0.1008
G413,G,"2024,2025,2026",3,1,0.0757,0.0822,0.0757,Expansion limits.,2024->2025:0.0887;2025->2026:0.0757
G414,G,"2024,2025,2026",3,1,0.0755,0.1044,0.0755,Don’t Climb on each other.,2024->2025:0.1333;2025->2026:0.0755
G415,G,"2024,2025,2026",3,1,0.095,0.0999,0.1049,Stay out of other ROBOTS.,2024->2025:0.095;2025->2026:0.1049
G416,G,"2024,2025,2026",3,1,0.0712,0.1067,0.0712,This isn’t combat robotics.,2024->2025:0.1422;2025->2026:0.0712
G417,G,"2024,2025,2026",3,1,0.0613,0.0877,0.1141,Don’t tip or entangle.,2024->2025:0.0613;2025->2026:0.1141
G418,G,"2024,2025,2026",3,1,0.0494,0.0779,0.1065,There’s a 3-count on PINS.,2024->2025:0.0494;2025->2026:0.1065
G419,G,"2024,2025,2026",3,1,0.188,0.2002,0.2124,Don’t collude with your partners to shut down major parts of game play.,2024->2025:0.188;2025->2026:0.2124
G420,G,"2024,2025,2026",3,1,0.0645,0.1477,0.2308,TOWER protection.,2024->2025:0.0645;2025->2026:0.2308
G421,G,"2024,2025,2026",3,1,0.1004,0.1402,0.1004,No wandering.,2024->2025:0.18;2025->2026:0.1004
G422,G,"2024,2025,2026",3,1,0.1343,0.1645,0.1343,DRIVE COACHES and other teams: hands off the controls.,2024->2025:0.1947;2025->2026:0.1343
G423,G,"2024,2025,2026",3,1,0.0521,0.0766,0.0521,"DRIVE TEAMS, watch your reach.",2024->2025:0.1011;2025->2026:0.0521
G424,G,"2024,2025,2026",3,1,0.1405,0.1472,0.1538,Humans: use SCORING ELEMENTS as directed.,2024->2025:0.1405;2025->2026:0.1538
G425,G,"2024,2025,2026",3,1,0.0576,0.0664,0.0752,SCORING ELEMENT delivery.,2024->2025:0.0576;2025->2026:0.0752
G426,G,"2024,2025,2026",3,1,0.0606,0.068,0.0606,"DRIVE COACHES, SCORING ELEMENTS are off limits.",2024->2025:0.0755;2025->2026:0.0606
G427,G,"2024,2025,2026",3,1,0.125,0.1447,0.125,The OUTPOST has a storage limit.,2024->2025:0.1644;2025->2026:0.125
G428,G,"2024,2025",2,1,0.1584,0.1584,0.1584,CAGE protection.,2024->2025:0.1584
G429,G,"2024,2025",2,1,0.0245,0.0245,0.0245,No wandering.,2024->2025:0.0245
G430,G,"2024,2025",2,1,0.0792,0.0792,0.0792,COACHES and other teams: hands off the controls.,2024->2025:0.0792
G501,G,"2024,2025,2026",3,1,0.988,0.994,1.0,Leave promptly.,2024->2025:0.988;2025->2026:1.0
H1,H,"2017,2018,2019,2020,2021",5,1,0.0653,0.6913,1.0,The only equipment that may be brought to the ARENA,2017->2018:0.9608;2018->2019:0.0653;2019->2020:0.7391;2020->2021:1.0
H2,H,"2017,2018,2019,2020,2021",5,1,0.1037,0.6067,0.9209,". Prior to the start of the MATCH, DRIVE TEAMS and any",2017->2018:0.973;2018->2019:0.1037;2019->2020:0.4293;2020->2021:0.9209
H3,H,"2017,2018,2019,2020,2021",5,1,0.1895,0.525,0.9318,"Prior to the start of the MATCH, DRIVE TEAMS may not",2017->2018:0.3193;2018->2019:0.1895;2019->2020:0.6593;2020->2021:0.9318
H4,H,"2017,2018,2019,2020,2021",5,1,0.0541,0.7019,1.0,A ROBOT shall be operated only by the,2017->2018:0.9;2018->2019:0.0541;2019->2020:0.8537;2020->2021:1.0
H5,H,"2017,2018,2019,2020,2021",5,1,0.125,0.5551,1.0,"During the MATCH, DRIVERS, COACHES, and HUMAN PLAYERS may not contact",2017->2018:0.9268;2018->2019:0.125;2019->2020:0.1687;2020->2021:1.0
H6,H,"2017,2018,2019,2020,2021",5,1,0.1053,0.4223,1.0,POWER CELLS may only be introduced to the,2017->2018:0.2;2018->2019:0.3838;2019->2020:0.1053;2020->2021:1.0
H7,H,"2017,2018,2019,2020,2021",5,1,0.0452,0.316,1.0,"During a MATCH, COACHES may not touch POWER CELLS,",2017->2018:0.0452;2018->2019:0.05;2019->2020:0.169;2020->2021:1.0
H8,H,"2017,2018,2019,2020,2021",5,1,0.0,0.0814,0.0,This rule has been renumbered as C11.,2017->2018:0.0714;2018->2019:0.0877;2019->2020:0.1667;2020->2021:0.0
H9,H,"2017,2018,2019,2020,2021",5,1,0.0625,0.3458,0.9415,"During TELEOP, an ALLIANCE may not have more than fourteen (14)",2017->2018:0.2727;2018->2019:0.1064;2019->2020:0.0625;2020->2021:0.9415
H10,H,"2017,2018,2019,2020,2021",5,1,0.0804,0.3152,0.9592,POWER CELLS go on the rack.,2017->2018:0.1356;2018->2019:0.0857;2019->2020:0.0804;2020->2021:0.9592
H11,H,"2017,2018,2019,2020,2021",5,1,0.087,0.5352,1.0,By invitation only.,2017->2018:0.1124;2018->2019:0.087;2019->2020:0.9412;2020->2021:1.0
H12,H,"2017,2018,2019,2020,2021",5,1,0.0812,0.5272,1.0,Identify yourself.,2017->2018:0.0812;2018->2019:0.1127;2019->2020:0.9151;2020->2021:1.0
H13,H,"2017,2018,2019,2020,2021",5,1,0.0597,0.4768,0.9597,Don’t abuse ARENA access.,2017->2018:0.0952;2018->2019:0.0597;2019->2020:0.7928;2020->2021:0.9597
H14,H,"2017,2018,2019,2020,2021",5,1,0.0171,0.3624,1.0,Don’t mess with POWER CELLS.,2017->2018:0.0171;2018->2019:0.0215;2019->2020:0.411;2020->2021:1.0
H15,H,"2017,2019,2020,2021",4,0,0.2927,0.6463,1.0,Don’t bang on the glass.,2017->2019:None;2019->2020:0.2927;2020->2021:1.0
H16,H,"2019,2020,2021",3,1,0.015,0.4787,0.9423,Be careful what you interact with.,2019->2020:0.015;2020->2021:0.9423
H101,H,"2022,2023",2,1,0.8958,0.8958,0.8958,Be a good person.,2022->2023:0.8958
H102,H,"2022,2023",2,1,0.9947,0.9947,0.9947,Enter only 1 ROBOT.,2022->2023:0.9947
H103,H,"2022,2023",2,1,1.0,1.0,1.0,"Humans, stay off the FIELD until green.",2022->2023:1.0
H104,H,"2022,2023",2,1,1.0,1.0,1.0,Never step over the guardrail.,2022->2023:1.0
H105,H,"2022,2023",2,1,0.9943,0.9943,0.9943,Asking other teams to throw a MATCH – not cool.,2022->2023:0.9943
H106,H,"2022,2023",2,1,0.9889,0.9889,0.9889,Letting someone coerce you in to throwing a MATCH – also not cool.,2022->2023:0.9889
H107,H,"2022,2023",2,1,0.0559,0.0559,0.0559,Throwing your own MATCH is bad,2022->2023:0.0559
H108,H,"2022,2023",2,1,0.0994,0.0994,0.0994,Don’t abuse ARENA access.,2022->2023:0.0994
H201,H,"2022,2023",2,1,0.9329,0.9329,0.9329,Egregious or exceptional violations.,2022->2023:0.9329
H202,H,"2022,2023",2,1,0.5306,0.5306,0.5306,"1 STUDENT, 1 Head REFEREE.",2022->2023:0.5306
H301,H,"2022,2023",2,1,0.3049,0.3049,0.3049,Be prompt.,2022->2023:0.3049
H302,H,"2022,2023",2,1,0.9752,0.9752,0.9752,Teams may not enable their ROBOTS on the FIELD.,2022->2023:0.9752
H303,H,"2022,2023",2,1,0.9751,0.9751,0.9751,You can’t bring/use anything you want.,2022->2023:0.9751
H304,H,"2022,2023",2,1,0.9333,0.9333,0.9333,By invitation only.,2022->2023:0.9333
H305,H,"2022,2023",2,1,1.0,1.0,1.0,Show up to your MATCHES.,2022->2023:1.0
H306,H,"2022,2023",2,1,0.7732,0.7732,0.7732,Identify yourself.,2022->2023:0.7732
H307,H,"2022,2023",2,1,1.0,1.0,1.0,Plug in to/be in your DRIVER STATION.,2022->2023:1.0
H308,H,"2022,2023",2,1,1.0,1.0,1.0,Don’t bang on the glass.,2022->2023:1.0
H309,H,"2022,2023",2,1,0.9106,0.9106,0.9106,Know your ROBOT setup.,2022->2023:0.9106
H310,H,"2022,2023",2,1,0.8738,0.8738,0.8738,Know your DRIVETEAM positions,2022->2023:0.8738
H311,H,"2022,2023",2,1,0.8,0.8,0.8,Leave the GAME PIECES alone.,2022->2023:0.8
H312,H,"2022,2023",2,1,0.172,0.172,0.172,Leave promptly.,2022->2023:0.172
H401,H,"2022,2023",2,1,0.9004,0.9004,0.9004,Behind the lines.,2022->2023:0.9004
H402,H,"2022,2023",2,1,1.0,1.0,1.0,Disconnect or set down controllers.,2022->2023:1.0
H403,H,"2022,2023",2,1,0.8444,0.8444,0.8444,Let the ROBOT do its thing.,2022->2023:0.8444
H501,H,"2022,2023",2,1,1.0,1.0,1.0,COACHES and other teams: hands off the controls.,2022->2023:1.0
H502,H,"2022,2023",2,1,0.6667,0.6667,0.6667,No wandering.,2022->2023:0.6667
H503,H,"2022,2023",2,1,0.7179,0.7179,0.7179,"COACHES, GAME PIECES are off limits.",2022->2023:0.7179
H504,H,"2022,2023",2,1,0.5763,0.5763,0.5763,GAME PIECES through PORTALS only.,2022->2023:0.5763
H505,H,"2022,2023",2,1,0.1042,0.1042,0.1042,"DRIVE TEAMS, watch your reach.",2022->2023:0.1042
H506,H,"2022,2023",2,1,0.0833,0.0833,0.0833,"DRIVE TEAMS, avoid ROBOTS.",2022->2023:0.0833
I1,I,"2017,2018,2019,2020,2021",5,1,0.2183,0.7641,0.9834,The ROBOT and its MAJOR MECHANISMS must be built by the FIRST,2017->2018:0.9477;2018->2019:0.9072;2019->2020:0.2183;2020->2021:0.9834
I2,I,"2017,2018,2019,2020,2021",5,1,0.9597,0.9899,1.0,A team is only permitted to,2017->2018:1.0;2018->2019:1.0;2019->2020:0.9597;2020->2021:1.0
I3,I,"2017,2018,2019,2020,2021",5,1,0.4229,0.837,1.0,"At the time of Inspection, the OPERATOR CONSOLE and the ROBOT",2017->2018:0.9524;2018->2019:0.9727;2019->2020:0.4229;2020->2021:1.0
I4,I,"2017,2018,2019,2020,2021",5,1,0.0566,0.5968,0.9869,A ROBOT,2017->2018:0.0566;2018->2019:0.9835;2019->2020:0.3602;2020->2021:0.9869
I5,I,"2017,2018,2019,2020,2021",5,1,0.0377,0.4873,0.9934,. Teams may not use the re-Inspection process in I4 to circumvent the weight limit in,2017->2018:0.0377;2018->2019:0.8552;2019->2020:0.0628;2020->2021:0.9934
I6,I,"2017,2018,2019,2020,2021",5,1,0.0263,0.2896,0.0263,This rule has been removed for the 2021 season.,2017->2018:0.0323;2018->2019:0.9966;2019->2020:0.1033;2020->2021:0.0263
I7,I,"2017,2018,2019,2020,2021",5,1,0.0284,0.3677,0.9827,"For the safety of all those involved, ROBOTS, must be",2017->2018:0.0841;2018->2019:0.3757;2019->2020:0.0284;2020->2021:0.9827
I8,I,"2017,2020,2021",3,0,0.9714,0.9714,0.9714,At least one student team member must accompany the ROBOT for any,2017->2020:None;2020->2021:0.9714
I101,I,"2022,2023,2024,2025,2026",5,1,0.9713,0.9834,0.9829,It’s your team’s ROBOT.,2022->2023:0.9713;2023->2024:0.9897;2024->2025:0.9897;2025->2026:0.9829
I102,I,"2022,2023,2024,2025,2026",5,1,0.6601,0.9133,0.9933,Get inspected before playing a Qualification MATCH.,2022->2023:1.0;2023->2024:1.0;2024->2025:0.6601;2025->2026:0.9933
I103,I,"2022,2023,2024,2025,2026",5,1,0.9574,0.9893,0.9574,Bring it all to inspection.,2022->2023:1.0;2023->2024:1.0;2024->2025:1.0;2025->2026:0.9574
I104,I,"2022,2023,2024,2025,2026",5,1,0.9326,0.9831,1.0,"Unless the change is listed below, any change to a ROBOT must get re-inspected.",2022->2023:1.0;2023->2024:0.9326;2024->2025:1.0;2025->2026:1.0
I105,I,"2022,2023,2024,2025,2026",5,1,0.9948,0.998,0.9948,Don’t exploit re-inspection.,2022->2023:0.9974;2023->2024:1.0;2024->2025:1.0;2025->2026:0.9948
I106,I,"2022,2023,2024,2025,2026",5,1,1.0,1.0,1.0,ROBOTS are off for inspection (mostly).,2022->2023:1.0;2023->2024:1.0;2024->2025:1.0;2025->2026:1.0
I107,I,"2022,2023,2024,2025,2026",5,1,1.0,1.0,1.0,"No STUDENT, no inspection.",2022->2023:1.0;2023->2024:1.0;2024->2025:1.0;2025->2026:1.0
Q101,Q,"2024,2025,2026",3,1,0.4322,0.6919,0.4322,Head REFEREE Interactions.,2024->2025:0.9516;2025->2026:0.4322
R1,R,"2015,2016,2017,2018,2019,2020,2021",7,1,0.1013,0.7557,0.9467,"The ROBOT (excluding BUMPERS) must have a FRAME PERIMETER, contained within the",2015->2016:0.7411;2016->2017:0.1013;2017->2018:0.95;2018->2019:0.9534;2019->2020:0.8418;2020->2021:0.9467
R2,R,"2015,2016,2017,2018,2019,2020,2021",7,1,0.1118,0.578,1.0,"In the STARTING CONFIGURATION (the physical configuration in which a ROBOT starts a MATCH),",2015->2016:0.1118;2016->2017:0.2379;2017->2018:0.991;2018->2019:0.6;2019->2020:0.5275;2020->2021:1.0
R3,R,"2015,2016,2017,2018,2019,2020,2021",7,1,0.4022,0.6396,1.0,A ROBOT’S STARTING CONFIGURATION may not have a FRAME PERIMETER greater than 120,2015->2016:0.4545;2016->2017:0.4022;2017->2018:0.6272;2018->2019:0.4072;2019->2020:0.9467;2020->2021:1.0
R4,R,"2015,2016,2017,2018,2019,2020,2021",7,1,0.112,0.4237,0.8889,ROBOTS may not extend more than 12 in. (~30 cm) beyond their FRAME PERIMETER (see Figure,2015->2016:0.1319;2016->2017:0.1229;2017->2018:0.112;2018->2019:0.4167;2019->2020:0.8696;2020->2021:0.8889
R5,R,"2015,2016,2017,2018,2019,2020,2021",7,1,0.1231,0.4616,1.0,"The ROBOT weight must not exceed 125 lbs. (~56 kg). When determining weight, the basic ROBOT",2015->2016:0.1231;2016->2017:0.1571;2017->2018:0.1274;2018->2019:0.6792;2019->2020:0.6829;2020->2021:1.0
R6,R,"2015,2016,2017,2018,2019,2020,2021",7,1,0.0462,0.2596,1.0,"Traction devices must not have surface features that could damage the ARENA (e.g. metal,",2015->2016:0.1296;2016->2017:0.1231;2017->2018:0.0462;2018->2019:0.1361;2019->2020:0.1224;2020->2021:1.0
R7,R,"2015,2016,2017,2018,2019,2020,2021",7,1,0.0434,0.2311,1.0,Protrusions from the ROBOT and exposed surfaces on the ROBOT shall not pose hazards to the,2015->2016:0.1494;2016->2017:0.066;2017->2018:0.0434;2018->2019:0.0476;2019->2020:0.08;2020->2021:1.0
R8,R,"2015,2016,2017,2018,2019,2020,2021",7,1,0.0326,0.2277,0.9759,"ROBOT parts shall not be made from hazardous materials, be unsafe, cause an unsafe condition, or",2015->2016:0.0326;2016->2017:0.1646;2017->2018:0.0713;2018->2019:0.043;2019->2020:0.0786;2020->2021:0.9759
R9,R,"2015,2016,2017,2018,2019,2020,2021",7,1,0.0395,0.2003,0.8952,ROBOTS must allow removal of game pieces from the ROBOT and the ROBOT from FIELD,2015->2016:0.0588;2016->2017:0.0523;2017->2018:0.1096;2018->2019:0.0395;2019->2020:0.0461;2020->2021:0.8952
R10,R,"2015,2016,2017,2018,2019,2020,2021",7,1,0.0896,0.3763,1.0,Lubricants may be used only to reduce friction within the ROBOT. Lubricants must not,2015->2016:0.0896;2016->2017:0.8077;2017->2018:0.1017;2018->2019:0.1096;2019->2020:0.1493;2020->2021:1.0
R11,R,"2015,2016,2017,2018,2019,2020,2021",7,1,0.0069,0.2144,0.0069,This rule has been removed for the 2021 season.,2015->2016:0.0951;2016->2017:0.9766;2017->2018:0.1049;2018->2019:0.0686;2019->2020:0.034;2020->2021:0.0069
R12,R,"2015,2016,2017,2018,2019,2020,2021",7,1,0.0858,0.3194,0.4934,"No individual, non-KOP item or software used on the ROBOT shall have a Fair Market Value that",2015->2016:0.138;2016->2017:0.9639;2017->2018:0.0858;2018->2019:0.1292;2019->2020:0.1061;2020->2021:0.4934
R13,R,"2015,2016,2017,2018,2019,2020,2021",7,1,0.0163,0.2209,0.0163,This rule has been removed for the 2021 season.,2015->2016:0.099;2016->2017:0.9699;2017->2018:0.1194;2018->2019:0.091;2019->2020:0.03;2020->2021:0.0163
R14,R,"2015,2016,2017,2018,2019,2020,2021",7,1,0.0078,0.2254,0.0078,This rule has been removed for the 2021 season.,2015->2016:0.0845;2016->2017:0.9682;2017->2018:0.1062;2018->2019:0.0937;2019->2020:0.0921;2020->2021:0.0078
R15,R,"2015,2016,2017,2018,2019,2020,2021",7,1,0.0168,0.1295,0.0168,This rule has been removed for the 2021 season.,2015->2016:0.1288;2016->2017:0.3659;2017->2018:0.0781;2018->2019:0.0738;2019->2020:0.1135;2020->2021:0.0168
R16,R,"2015,2016,2017,2018,2019,2020,2021",7,1,0.0624,0.1856,0.6503,During an event a team is attending (regardless of whether the team is physically at the event,2015->2016:0.0686;2016->2017:0.1245;2017->2018:0.1405;2018->2019:0.0624;2019->2020:0.0675;2020->2021:0.6503
R17,R,"2015,2016,2017,2018,2019,2020,2021",7,1,0.0275,0.2453,0.9611,ROBOTS are required to use BUMPERS to protect all outside corners of the FRAME,2015->2016:0.0275;2016->2017:0.0833;2017->2018:0.1898;2018->2019:0.1333;2019->2020:0.0769;2020->2021:0.9611
R18,R,"2015,2016,2017,2018,2019,2020,2021",7,1,0.0534,0.2496,1.0,"Except as allowed per G16, BUMPERS must be located entirely within the BUMPER ZONE,",2015->2016:0.0824;2016->2017:0.1053;2017->2018:0.0534;2018->2019:0.1667;2019->2020:0.0898;2020->2021:1.0
R19,R,"2015,2016,2017,2018,2019,2020,2021",7,1,0.041,0.2234,1.0,BUMPERS must not be articulated (relative to the FRAME PERIMETER).,2015->2016:0.0865;2016->2017:0.0982;2017->2018:0.0444;2018->2019:0.041;2019->2020:0.0702;2020->2021:1.0
R20,R,"2015,2016,2017,2018,2019,2020,2021",7,1,0.0342,0.2472,1.0,"BUMPERS (the entire BUMPER, not just the cover) must be designed for quick and easy",2015->2016:0.0342;2016->2017:0.1295;2017->2018:0.1769;2018->2019:0.0875;2019->2020:0.0553;2020->2021:1.0
R21,R,"2015,2016,2017,2018,2019,2020,2021",7,1,0.0311,0.1908,0.739,Each ROBOT must be able to display primarily Red or Blue BUMPERS to MATCH their,2015->2016:0.0311;2016->2017:0.0909;2017->2018:0.0565;2018->2019:0.1699;2019->2020:0.0577;2020->2021:0.739
R22,R,"2015,2016,2017,2018,2019,2020,2021",7,1,0.0406,0.2214,0.9826,Team numbers must be displayed and positioned on the BUMPERS such that an observer,2015->2016:0.0674;2016->2017:0.082;2017->2018:0.0406;2018->2019:0.0579;2019->2020:0.0976;2020->2021:0.9826
R23,R,"2015,2016,2017,2018,2019,2020,2021",7,1,0.0321,0.233,1.0,Each set of BUMPERS (including any fasteners and/or structures that attach them to the,2015->2016:0.1081;2016->2017:0.0848;2017->2018:0.0867;2018->2019:0.0321;2019->2020:0.0865;2020->2021:1.0
R24,R,"2015,2016,2017,2018,2019,2020,2021",7,1,0.0478,0.2338,0.9312,BUMPERS must be constructed as follows (see Figure 9-7):,2015->2016:0.1654;2016->2017:0.12;2017->2018:0.0828;2018->2019:0.0478;2019->2020:0.0556;2020->2021:0.9312
R25,R,"2015,2016,2017,2018,2019,2020,2021",7,1,0.0417,0.3419,0.8125,Corner joints between BUMPERS must be filled with pool noodle material. Examples of,2015->2016:0.0442;2016->2017:1.0;2017->2018:0.0727;2018->2019:0.0805;2019->2020:0.0417;2020->2021:0.8125
R26,R,"2015,2016,2017,2018,2019,2020,2021",7,1,0.0727,0.243,0.94,BUMPERS must be supported by the structure/frame of the ROBOT (see Figure 9-9). To be,2015->2016:0.1081;2016->2017:0.1366;2017->2018:0.1151;2018->2019:0.0727;2019->2020:0.0854;2020->2021:0.94
R27,R,"2015,2016,2017,2018,2019,2020,2021",7,1,0.0185,0.3268,0.9741,The only motors and actuators permitted on 2021 ROBOTS include the following (in any,2015->2016:0.0532;2016->2017:0.6794;2017->2018:0.1277;2018->2019:0.1081;2019->2020:0.0185;2020->2021:0.9741
R28,R,"2015,2017,2018,2019,2020,2021",6,0,0.0943,0.3212,1.0,"The integral mechanical and electrical system of any motor must not be modified. Motors, servos,",2015->2017:None;2017->2018:0.0955;2018->2019:0.0949;2019->2020:0.0943;2020->2021:1.0
R29,R,"2015,2016,2017,2018,2019,2020,2021",7,1,0.015,0.2111,0.9712,"With the exception of servos, fans, or motors integral to sensors of COTS computing devices",2015->2016:0.015;2016->2017:0.0866;2017->2018:0.0693;2018->2019:0.0909;2019->2020:0.0335;2020->2021:0.9712
R30,R,"2015,2016,2017,2018,2019,2020,2021",7,1,0.0156,0.2013,0.9605,"Each power regulating device may control electrical loads per Table 9-2. Unless otherwise noted,",2015->2016:0.0604;2016->2017:0.0156;2017->2018:0.0688;2018->2019:0.0667;2019->2020:0.0357;2020->2021:0.9605
R31,R,"2015,2016,2017,2018,2019,2020,2021",7,1,0.0432,0.2405,1.0,"Servos must be connected to, and only to, one of the following:",2015->2016:0.0432;2016->2017:0.0615;2017->2018:0.1692;2018->2019:0.0936;2019->2020:0.0757;2020->2021:1.0
R32,R,"2015,2016,2017,2018,2019,2020,2021",7,1,0.04,0.2149,1.0,"The only legal source of electrical energy for the ROBOT during the competition, the ROBOT",2015->2016:0.0476;2016->2017:0.04;2017->2018:0.0502;2018->2019:0.1037;2019->2020:0.0478;2020->2021:1.0
R33,R,"2015,2016,2017,2018,2019,2020,2021",7,1,0.047,0.2132,0.9128,COTS USB battery packs with a capacity of 100Wh or less (20000mAh at 5V) and 2.5 Amp max,2015->2016:0.087;2016->2017:0.0656;2017->2018:0.1143;2018->2019:0.047;2019->2020:0.0526;2020->2021:0.9128
R34,R,"2015,2016,2017,2018,2019,2020,2021",7,1,0.0327,0.2249,1.0,Any battery charger used to charge a ROBOT battery must have the corresponding Anderson SB,2015->2016:0.0943;2016->2017:0.0492;2017->2018:0.0819;2018->2019:0.0912;2019->2020:0.0327;2020->2021:1.0
R35,R,"2015,2016,2017,2018,2019,2020,2021",7,1,0.0505,0.2383,1.0,Any battery charger used to charge a ROBOT battery may not be used such that it exceeds 6-,2015->2016:0.0885;2016->2017:0.0505;2017->2018:0.0918;2018->2019:0.0511;2019->2020:0.1481;2020->2021:1.0
R36,R,"2015,2016,2017,2018,2019,2020,2021",7,1,0.0282,0.219,1.0,"No batteries other than those allowed per R32 and R33 are allowed on the ROBOT, whether or",2015->2016:0.0595;2016->2017:0.0725;2017->2018:0.0615;2018->2019:0.0923;2019->2020:0.0282;2020->2021:1.0
R37,R,"2015,2016,2017,2018,2019,2020,2021",7,1,0.0238,0.2156,1.0,The ROBOT battery must be secured such that it will not dislodge during vigorous ROBOT,2015->2016:0.0764;2016->2017:0.0636;2017->2018:0.0708;2018->2019:0.0588;2019->2020:0.0238;2020->2021:1.0
R38,R,"2015,2016,2017,2018,2019,2020,2021",7,1,0.0321,0.2226,1.0,"Each electrical terminal on the ROBOT battery, main breaker, and their connections (lugs,",2015->2016:0.0738;2016->2017:0.0945;2017->2018:0.0321;2018->2019:0.033;2019->2020:0.102;2020->2021:1.0
R39,R,"2015,2016,2017,2018,2019,2020,2021",7,1,0.0235,0.2289,0.95,"Non-electrical sources of energy used by the ROBOT, (i.e., stored at the start of a MATCH), shall",2015->2016:0.0235;2016->2017:0.0513;2017->2018:0.1513;2018->2019:0.065;2019->2020:0.1321;2020->2021:0.95
R40,R,"2015,2016,2017,2018,2019,2020,2021",7,1,0.0392,0.2221,0.9623,"The one (1) ROBOT battery, a single pair of Anderson Power Products (or APP) 2-pole SB type",2015->2016:0.0392;2016->2017:0.0784;2017->2018:0.0714;2018->2019:0.0943;2019->2020:0.0873;2020->2021:0.9623
R41,R,"2015,2016,2017,2018,2019,2020,2021",7,1,0.033,0.3095,0.9811,"All circuits, with the exceptions of those listed in R46 and R48, must connect to, and have power",2015->2016:0.033;2016->2017:0.0351;2017->2018:0.2609;2018->2019:0.4615;2019->2020:0.0857;2020->2021:0.9811
R42,R,"2015,2016,2017,2018,2019,2020,2021",7,1,0.0719,0.2488,0.9669,"All wiring and electrical devices, including all Control System COMPONENTS, shall be electrically",2015->2016:0.114;2016->2017:0.0952;2017->2018:0.1176;2018->2019:0.127;2019->2020:0.0719;2020->2021:0.9669
R43,R,"2015,2016,2017,2018,2019,2020,2021",7,1,0.0857,0.2481,0.9524,The 120A circuit breaker must be quickly and safely accessible from the exterior of the ROBOT.,2015->2016:0.1333;2016->2017:0.1137;2017->2018:0.0952;2018->2019:0.0857;2019->2020:0.1085;2020->2021:0.9524
R44,R,"2015,2016,2017,2018,2019,2020,2021",7,1,0.0645,0.2744,1.0,"The PDP, associated wiring, and all circuit breakers must be visible for Inspection.",2015->2016:0.1762;2016->2017:0.084;2017->2018:0.0645;2018->2019:0.1786;2019->2020:0.1429;2020->2021:1.0
R45,R,"2015,2016,2017,2018,2019,2020,2021",7,1,0.0333,0.2338,1.0,Any active electrical item that is not an actuator (specified in R27) or core Control System item,2015->2016:0.0902;2016->2017:0.093;2017->2018:0.1085;2018->2019:0.0777;2019->2020:0.0333;2020->2021:1.0
R46,R,"2015,2016,2017,2018,2019,2020,2021",7,1,0.0357,0.2217,0.9444,The roboRIO power input must be connected to the dedicated supply terminals on the PDP,2015->2016:0.1463;2016->2017:0.0597;2017->2018:0.0672;2018->2019:0.0766;2019->2020:0.0357;2020->2021:0.9444
R47,R,"2015,2016,2017,2018,2019,2020,2021",7,1,0.0952,0.257,0.9568,The Wireless Bridge (Radio) power must be supplied directly by the 12V 2A output of a CTR,2015->2016:0.1304;2016->2017:0.0952;2017->2018:0.1053;2018->2019:0.1442;2019->2020:0.1103;2020->2021:0.9568
R48,R,"2015,2016,2017,2018,2019,2020,2021",7,1,0.053,0.2316,0.9362,The VRM supplying power to the Wireless Bridge per R47 must be connected to the designated,2015->2016:0.0678;2016->2017:0.053;2017->2018:0.0763;2018->2019:0.0706;2019->2020:0.1854;2020->2021:0.9362
R49,R,"2015,2016,2017,2018,2019,2020,2021",7,1,0.0319,0.2389,1.0,Only one wire shall be connected to each WAGO connector on the PDP.,2015->2016:0.0794;2016->2017:0.0319;2017->2018:0.0342;2018->2019:0.1307;2019->2020:0.1571;2020->2021:1.0
R50,R,"2015,2016,2017,2018,2019,2020,2021",7,1,0.0317,0.2346,1.0,The only circuit breakers permitted for use in the PDP are:,2015->2016:0.0317;2016->2017:0.0541;2017->2018:0.1091;2018->2019:0.1064;2019->2020:0.1062;2020->2021:1.0
R51,R,"2015,2016,2017,2018,2019,2020,2021",7,1,0.0426,0.22,0.9184,The fuses in the PDP shall only be replaced with functionally identical fuses (mini automotive,2015->2016:0.0734;2016->2017:0.0897;2017->2018:0.0602;2018->2019:0.0426;2019->2020:0.1356;2020->2021:0.9184
R52,R,"2015,2016,2017,2018,2019,2020,2021",7,1,0.0336,0.275,0.962,Each branch circuit must be protected by one and only one circuit breaker on the PDP per Table,2015->2016:0.0336;2016->2017:0.1022;2017->2018:0.4427;2018->2019:0.058;2019->2020:0.0513;2020->2021:0.962
R53,R,"2015,2016,2017,2018,2019,2020,2021",7,1,0.0305,0.2144,0.9514,All circuits shall be wired with appropriately sized insulated copper wire (SIGNAL LEVEL cables,2015->2016:0.0305;2016->2017:0.0601;2017->2018:0.0849;2018->2019:0.1163;2019->2020:0.043;2020->2021:0.9514
R54,R,"2015,2016,2017,2018,2019,2020,2021",7,1,0.0253,0.2614,1.0,"Branch circuits may include intermediate elements such as COTS connectors, splices, COTS",2015->2016:0.1151;2016->2017:0.0882;2017->2018:0.065;2018->2019:0.2748;2019->2020:0.0253;2020->2021:1.0
R55,R,"2015,2016,2017,2018,2019,2020,2021",7,1,0.0299,0.2234,0.9615,"All non-SIGNAL LEVEL wiring with a constant polarity (i.e., except for outputs of relay modules,",2015->2016:0.0978;2016->2017:0.0299;2017->2018:0.099;2018->2019:0.0606;2019->2020:0.0914;2020->2021:0.9615
R56,R,"2015,2016,2017,2018,2019,2020,2021",7,1,0.0725,0.2411,1.0,"CUSTOM CIRCUITS shall not directly alter the power pathways between the ROBOT battery,",2015->2016:0.0769;2016->2017:0.0725;2017->2018:0.0976;2018->2019:0.0917;2019->2020:0.1079;2020->2021:1.0
R57,R,"2015,2016,2017,2018,2019,2020,2021",7,1,0.0376,0.2091,0.9322,ROBOTS must be controlled via one (1) programmable National Instruments roboRIO (P/N:,2015->2016:0.0536;2016->2017:0.0476;2017->2018:0.0376;2018->2019:0.1379;2019->2020:0.0455;2020->2021:0.9322
R58,R,"2015,2016,2017,2018,2019,2020,2021",7,1,0.0245,0.2321,1.0,"One (1) OpenMesh Wireless Bridge (P/N: OM5P-AN or OM5P-AC), that has been configured with",2015->2016:0.1221;2016->2017:0.0769;2017->2018:0.0245;2018->2019:0.0516;2019->2020:0.1176;2020->2021:1.0
R59,R,"2015,2016,2017,2018,2019,2020,2021",7,1,0.0625,0.2584,1.0,The roboRIO Ethernet PORT must be connected to the Wireless Bridge PORT labeled “18-24,2015->2016:0.0761;2016->2017:0.1094;2017->2018:0.2153;2018->2019:0.0625;2019->2020:0.0873;2020->2021:1.0
R60,R,"2015,2016,2017,2018,2019,2020,2021",7,1,0.0287,0.2128,0.9841,Communication between the ROBOT and the OPERATOR CONSOLE is restricted as follows:,2015->2016:0.0816;2016->2017:0.0896;2017->2018:0.0287;2018->2019:0.0306;2019->2020:0.0622;2020->2021:0.9841
R61,R,"2015,2016,2017,2018,2019,2020,2021",7,1,0.0148,0.2379,0.9667,"The roboRIO, Driver Station software, and Wireless Bridge must be configured to correspond to",2015->2016:0.2045;2016->2017:0.1149;2017->2018:0.0629;2018->2019:0.0148;2019->2020:0.0635;2020->2021:0.9667
R62,R,"2015,2016,2017,2018,2019,2020,2021",7,1,0.0367,0.1968,0.8261,All signals must originate from the OPERATOR CONSOLE and be transmitted to the ROBOT via,2015->2016:0.0429;2016->2017:0.0968;2017->2018:0.0367;2018->2019:0.0794;2019->2020:0.0992;2020->2021:0.8261
R63,R,"2015,2016,2017,2018,2019,2020,2021",7,1,0.0602,0.2379,1.0,"No form of wireless communication shall be used to communicate to, from, or within the ROBOT,",2015->2016:0.0968;2016->2017:0.0843;2017->2018:0.0602;2018->2019:0.0893;2019->2020:0.0968;2020->2021:1.0
R64,R,"2015,2016,2017,2018,2019,2020,2021",7,1,0.0923,0.2805,1.0,The Wireless Bridge must be mounted on the ROBOT such that the diagnostic lights are visible to,2015->2016:0.0923;2016->2017:0.1538;2017->2018:0.1481;2018->2019:0.1837;2019->2020:0.1053;2020->2021:1.0
R65,R,"2015,2016,2017,2018,2019,2020,2021",7,1,0.0537,0.2229,0.9366,"ROBOTS must use at least one (1), but no more than two (2), diagnostic ROBOT Signal Lights",2015->2016:0.0878;2016->2017:0.0537;2017->2018:0.0639;2018->2019:0.1017;2019->2020:0.094;2020->2021:0.9366
R66,R,"2015,2016,2017,2018,2019,2020,2021",7,1,0.0506,0.2165,0.9806,"The Driver Station software, roboRIO, Power Distribution Panel, Pneumatics Control Modules,",2015->2016:0.0548;2016->2017:0.0506;2017->2018:0.083;2018->2019:0.0645;2019->2020:0.0657;2020->2021:0.9806
R67,R,"2015,2016,2017,2018,2019,2020,2021",7,1,0.0441,0.2603,1.0,Neither 12VDC power nor relay module or motor controller outputs shall be directly connected to,2015->2016:0.0522;2016->2017:0.1818;2017->2018:0.2041;2018->2019:0.0794;2019->2020:0.0441;2020->2021:1.0
R68,R,"2015,2016,2017,2018,2019,2020,2021",7,1,0.0964,0.271,1.0,"Every relay module (per R29-B), servo controller, and PWM motor controller shall be connected",2015->2016:0.0964;2016->2017:0.1085;2017->2018:0.1099;2018->2019:0.2041;2019->2020:0.1071;2020->2021:1.0
R69,R,"2015,2016,2017,2018,2019,2020,2021",7,1,0.0583,0.2446,0.9791,"If a motor is controlled via the MXP, its power regulating device must be connected by one of the",2015->2016:0.0989;2016->2017:0.0783;2017->2018:0.1429;2018->2019:0.1099;2019->2020:0.0583;2020->2021:0.9791
R70,R,"2015,2016,2017,2018,2019,2020,2021",7,1,0.0559,0.2588,1.0,Each CAN motor controller must be controlled with signal inputs sourced from the roboRIO and,2015->2016:0.1229;2016->2017:0.0784;2017->2018:0.1528;2018->2019:0.1429;2019->2020:0.0559;2020->2021:1.0
R71,R,"2015,2016,2017,2018,2019,2020,2021",7,1,0.0487,0.2551,1.0,Each PCM must be controlled with signal inputs sourced from the roboRIO and passed via a,2015->2016:0.1412;2016->2017:0.0759;2017->2018:0.0487;2018->2019:0.1538;2019->2020:0.1111;2020->2021:1.0
R72,R,"2015,2016,2017,2018,2019,2020,2021",7,1,0.0106,0.2289,1.0,The PDP CAN interface must be connected to the CAN-bus on the roboRIO (either directly or,2015->2016:0.0842;2016->2017:0.1687;2017->2018:0.0531;2018->2019:0.0106;2019->2020:0.0571;2020->2021:1.0
R73,R,"2015,2016,2017,2018,2019,2020,2021",7,1,0.0533,0.2703,0.96,The CAN-bus must be connected to the roboRIO CAN port.,2015->2016:0.2177;2016->2017:0.0941;2017->2018:0.2299;2018->2019:0.0533;2019->2020:0.0671;2020->2021:0.96
R74,R,"2015,2016,2017,2018,2019,2020,2021",7,1,0.0185,0.2563,1.0,"To satisfy multiple constraints associated with safety, consistency, Inspection, and constructive",2015->2016:0.0638;2016->2017:0.0185;2017->2018:0.0741;2018->2019:0.2703;2019->2020:0.1111;2020->2021:1.0
R75,R,"2015,2016,2017,2018,2019,2020,2021",7,1,0.0476,0.2234,0.9551,All pneumatic items must be COTS pneumatic devices and either:,2015->2016:0.0476;2016->2017:0.0702;2017->2018:0.104;2018->2019:0.0913;2019->2020:0.0719;2020->2021:0.9551
R76,R,"2015,2016,2017,2018,2019,2020,2021",7,1,0.0544,0.2789,1.0,"All pneumatic COMPONENTS must be used in their original, unaltered condition. Exceptions are",2015->2016:0.0603;2016->2017:0.0649;2017->2018:0.3922;2018->2019:0.0544;2019->2020:0.1017;2020->2021:1.0
R77,R,"2015,2016,2017,2018,2019,2020,2021",7,1,0.052,0.3409,0.9781,The only pneumatic system items permitted on ROBOTS include the items listed below.,2015->2016:0.1157;2016->2017:0.052;2017->2018:0.4474;2018->2019:0.3885;2019->2020:0.0634;2020->2021:0.9781
R78,R,"2015,2016,2017,2018,2019,2020,2021",7,1,0.0597,0.3363,0.9237,"If pneumatic COMPONENTS are used, the following items are required as part of the pneumatic",2015->2016:0.0778;2016->2017:0.0597;2017->2018:0.4295;2018->2019:0.4474;2019->2020:0.08;2020->2021:0.9237
R79,R,"2015,2016,2017,2018,2019,2020,2021",7,1,0.1,0.3137,1.0,"Throughout an event, compressed air on the ROBOT must be provided by its one onboard",2015->2016:0.1;2016->2017:0.1034;2017->2018:0.1333;2018->2019:0.4354;2019->2020:0.1103;2020->2021:1.0
R80,R,"2015,2016,2017,2018,2019,2020,2021",7,1,0.0503,0.2297,1.0,Stored air pressure on the ROBOT must be no greater than 120 psi (~827 kPa). No stored air,2015->2016:0.1087;2016->2017:0.0503;2017->2018:0.0513;2018->2019:0.0641;2019->2020:0.1039;2020->2021:1.0
R81,R,"2015,2016,2017,2018,2019,2020,2021",7,1,0.0735,0.2536,1.0,Working air pressure (air pressure used to actuate devices) on the ROBOT must be no greater,2015->2016:0.1515;2016->2017:0.0735;2017->2018:0.114;2018->2019:0.0862;2019->2020:0.0964;2020->2021:1.0
R82,R,"2015,2016,2017,2018,2019,2020,2021",7,1,0.0625,0.2447,0.9375,"Only the compressor, relief valve, pressure switch, pressure vent plug, pressure gauge, storage",2015->2016:0.0625;2016->2017:0.0681;2017->2018:0.0767;2018->2019:0.114;2019->2020:0.2092;2020->2021:0.9375
R83,R,"2015,2016,2017,2018,2019,2020,2021",7,1,0.0756,0.2594,1.0,Pressure gauges must be placed in easily visible locations upstream and downstream of the,2015->2016:0.1071;2016->2017:0.2;2017->2018:0.0816;2018->2019:0.0756;2019->2020:0.0923;2020->2021:1.0
R84,R,"2015,2016,2017,2018,2019,2020,2021",7,1,0.0195,0.2241,1.0,The relief valve must be attached directly to the compressor or attached by legal hard fittings (e.g.,2015->2016:0.0195;2016->2017:0.1154;2017->2018:0.0845;2018->2019:0.0513;2019->2020:0.0742;2020->2021:1.0
R85,R,"2016,2017,2018,2019,2020,2021",6,1,0.0683,0.3086,0.9658,The pressure switch requirements are:,2016->2017:0.1486;2017->2018:0.1951;2018->2019:0.0683;2019->2020:0.1651;2020->2021:0.9658
R86,R,"2016,2017,2018,2019,2020,2021",6,1,0.069,0.2983,1.0,Any pressure vent plug must be:,2016->2017:0.1538;2017->2018:0.1185;2018->2019:0.1503;2019->2020:0.069;2020->2021:1.0
R87,R,"2016,2017,2018,2019,2020,2021",6,1,0.0826,0.5185,1.0,The outputs from multiple solenoid valves must not be plumbed together.,2016->2017:0.0826;2017->2018:0.3636;2018->2019:1.0;2019->2020:0.1463;2020->2021:1.0
R88,R,"2016,2017,2018,2019,2020,2021",6,1,0.0877,0.444,0.9865,The Driver Station software provided by National Instruments (install instructions found here) is,2016->2017:0.1538;2017->2018:0.0877;2018->2019:0.8936;2019->2020:0.0984;2020->2021:0.9865
R89,R,"2016,2017,2018,2019,2020,2021",6,1,0.0678,0.4816,1.0,"The OPERATOR CONSOLE, the set of COMPONENTS and MECHANISMS used by the",2016->2017:0.1509;2017->2018:0.1975;2018->2019:0.9916;2019->2020:0.0678;2020->2021:1.0
R90,R,"2016,2017,2018,2019,2020,2021",6,1,0.0952,0.4577,0.9677,Devices hosting the Driver Station software must only interface with the Field Management,2016->2017:0.119;2017->2018:0.0952;2018->2019:1.0;2019->2020:0.1067;2020->2021:0.9677
R91,R,"2016,2017,2018,2019,2020,2021",6,1,0.086,0.3386,0.972,The OPERATOR CONSOLE must not,2016->2017:0.1119;2017->2018:0.4265;2018->2019:0.086;2019->2020:0.0964;2020->2021:0.972
R92,R,"2016,2017,2018,2019,2020,2021",6,1,0.0879,0.3014,1.0,"Other than the system provided by the FIELD, no other form of wireless communications shall be",2016->2017:0.1343;2017->2018:0.1277;2018->2019:0.1573;2019->2020:0.0879;2020->2021:1.0
R93,R,"2016,2017,2018,2019,2020,2021",6,1,0.0855,0.269,0.9143,"OPERATOR CONSOLES shall not be made using hazardous materials, be unsafe, cause an",2016->2017:0.0855;2017->2018:0.1047;2018->2019:0.144;2019->2020:0.0964;2020->2021:0.9143
R94,R,"2016,2017,2018,2019",4,1,0.048,0.1074,0.048,The outputs from multiple solenoid valves must not be plumbed together.,2016->2017:0.0925;2017->2018:0.1818;2018->2019:0.048
R95,R,"2016,2017,2018,2019",4,1,0.0769,0.0816,0.0769,The DRIVER Station software provided on the National Instruments website is the only application,2016->2017:0.0909;2017->2018:0.0769;2018->2019:0.0769
R96,R,"2016,2017,2018,2019",4,1,0.0247,0.0487,0.0779,"The OPERATOR CONSOLE, the set of COMPONENTS and MECHANISMS used by the DRIVERS",2016->2017:0.0247;2017->2018:0.0435;2018->2019:0.0779
R97,R,"2017,2018,2019",3,1,0.125,0.1779,0.125,Devices hosting the DRIVER Station software must only interface with the Field Management,2017->2018:0.2308;2018->2019:0.125
R98,R,"2017,2018,2019",3,1,0.1011,0.1366,0.172,The OPERATOR CONSOLE must not,2017->2018:0.1011;2018->2019:0.172
R99,R,"2017,2018,2019",3,1,0.0913,0.1091,0.127,"Other than the system provided by the FIELD, no other form of wireless communications shall be",2017->2018:0.0913;2018->2019:0.127
R100,R,"2017,2018,2019",3,1,0.0353,0.073,0.0353,"OPERATOR CONSOLES shall not be made using hazardous materials, be unsafe, cause an",2017->2018:0.1106;2018->2019:0.0353
R101,R,"2017,2018,2022,2023,2024,2025,2026",7,0,0.0537,0.7877,0.9779,ROBOT PERIMETER must be fixed.,2017->2018:0.0537;2018->2022:None;2022->2023:1.0;2023->2024:0.9935;2024->2025:0.9132;2025->2026:0.9779
R102,R,"2018,2022,2023,2024,2025,2026",6,0,0.9786,0.9947,1.0,STARTING CONFIGURATION – no overhang.,2018->2022:None;2022->2023:1.0;2023->2024:1.0;2024->2025:0.9786;2025->2026:1.0
R103,R,"2022,2023,2024,2025,2026",5,1,0.9238,0.9742,0.9238,ROBOT weight limit.,2022->2023:1.0;2023->2024:0.9955;2024->2025:0.9774;2025->2026:0.9238
R104,R,"2022,2023,2024,2025,2026",5,1,0.904,0.9508,0.904,STARTING CONFIGURATION – max size.,2022->2023:0.9778;2023->2024:0.9663;2024->2025:0.9551;2025->2026:0.904
R105,R,"2022,2023,2024,2025,2026",5,1,0.7874,0.8831,0.7874,ROBOT horizontal extension limit.,2022->2023:0.9701;2023->2024:0.9275;2024->2025:0.8472;2025->2026:0.7874
R106,R,"2024,2026",2,0,,,,Horizontal extension – one direction at a time.,2024->2026:None
R201,R,"2022,2023,2024,2025,2026",5,1,0.9725,0.9931,1.0,No digging into carpet.,2022->2023:1.0;2023->2024:0.9725;2024->2025:1.0;2025->2026:1.0
R202,R,"2022,2023,2024,2025,2026",5,1,0.6279,0.8595,0.6279,No exposed sharp edges.,2022->2023:0.9231;2023->2024:0.9434;2024->2025:0.9434;2025->2026:0.6279
R203,R,"2022,2023,2024,2025,2026",5,1,0.8918,0.9624,0.8918,General safety.,2022->2023:0.9954;2023->2024:0.9623;2024->2025:1.0;2025->2026:0.8918
R204,R,"2022,2023,2024,2025,2026",5,1,0.8943,0.9248,1.0,Leave SCORING ELEMENTS at the FIELD.,2022->2023:0.8943;2023->2024:0.9106;2024->2025:0.8943;2025->2026:1.0
R205,R,"2022,2023,2024,2025,2026",5,1,0.5909,0.8977,0.5909,Don’t contaminate the FIELD.,2022->2023:1.0;2023->2024:1.0;2024->2025:1.0;2025->2026:0.5909
R206,R,"2023,2024,2025,2026",4,1,0.878,0.9187,1.0,Don’t damage SCORING ELEMENTS.,2023->2024:0.878;2024->2025:0.878;2025->2026:1.0
R301,R,"2022,2023,2024,2025,2026",5,1,1.0,1.0,1.0,Individual item cost limit.,2022->2023:1.0;2023->2024:1.0;2024->2025:1.0;2025->2026:1.0
R302,R,"2022,2023,2024,2025,2026",5,1,0.0998,0.7639,1.0,"MAJOR MECHANISM, from this year only.",2022->2023:0.9614;2023->2024:0.9942;2024->2025:0.0998;2025->2026:1.0
R303,R,"2022,2023,2024,2025,2026",5,1,0.9833,0.9885,0.9916,"Create new designs and software, unless they’re public.",2022->2023:0.9833;2023->2024:0.9874;2024->2025:0.9916;2025->2026:0.9916
R304,R,"2022,2023,2024,2025",4,1,0.9219,0.9596,0.9219,"During an event, only work during pit hours.",2022->2023:0.9569;2023->2024:1.0;2024->2025:0.9219
R401,R,"2022,2023,2024,2025,2026",5,1,0.1596,0.6571,0.5532,BUMPERS almost all around.,2022->2023:1.0;2023->2024:0.1596;2024->2025:0.9157;2025->2026:0.5532
R402,R,"2022,2023,2024,2025,2026",5,1,0.052,0.7378,0.8992,BUMPER construction.,2022->2023:1.0;2023->2024:1.0;2024->2025:0.052;2025->2026:0.8992
R403,R,"2022,2023,2024,2025,2026",5,1,0.3226,0.7556,0.7,BUMPER extension limit.,2022->2023:1.0;2023->2024:1.0;2024->2025:0.3226;2025->2026:0.7
R404,R,"2022,2023,2024,2025,2026",5,1,0.0746,0.7262,0.8302,BUMPERS must be soft.,2022->2023:1.0;2023->2024:1.0;2024->2025:0.0746;2025->2026:0.8302
R405,R,"2022,2023,2024,2025,2026",5,1,0.125,0.6311,0.4603,BUMPERS interact with BUMPERS.,2022->2023:0.9582;2023->2024:0.9811;2024->2025:0.125;2025->2026:0.4603
R406,R,"2022,2023,2024,2025,2026",5,1,0.0754,0.6671,0.7305,Fill BUMPER corners.,2022->2023:0.9548;2023->2024:0.9075;2024->2025:0.0754;2025->2026:0.7305
R407,R,"2022,2023,2024,2025,2026",5,1,0.0903,0.7605,0.9517,BUMPERS shouldn’t be wedges.,2022->2023:1.0;2023->2024:1.0;2024->2025:0.0903;2025->2026:0.9517
R408,R,"2022,2023,2024,2025,2026",5,1,0.0173,0.7011,0.913,Weight limit with BUMPERS.,2022->2023:0.9427;2023->2024:0.9314;2024->2025:0.0173;2025->2026:0.913
R409,R,"2022,2023,2024,2025,2026",5,1,0.1333,0.5815,0.2571,BUMPERS should be passive.,2022->2023:1.0;2023->2024:0.9355;2024->2025:0.1333;2025->2026:0.2571
R410,R,"2022,2023,2024,2025,2026",5,1,0.1006,0.7681,1.0,BUMPERS must come off.,2022->2023:1.0;2023->2024:0.9718;2024->2025:0.1006;2025->2026:1.0
R411,R,"2025,2026",2,1,0.9421,0.9421,0.9421,BUMPERS indicate your ALLIANCE.,2025->2026:0.9421
R412,R,"2025,2026",2,1,0.8855,0.8855,0.8855,Team number on BUMPERS.,2025->2026:0.8855
R501,R,"2022,2023,2024,2025,2026",5,1,0.8519,0.9158,0.9371,Allowable motors.,2022->2023:0.9276;2023->2024:0.9465;2024->2025:0.8519;2025->2026:0.9371
R502,R,"2022,2023,2024,2025,2026",5,1,0.0753,0.7436,0.9071,Only 4 propulsion motors.,2022->2023:1.0;2023->2024:0.0753;2024->2025:0.9919;2025->2026:0.9071
R503,R,"2022,2023,2024,2025,2026",5,1,0.0701,0.7495,0.9336,Don’t modify motors (mostly).,2022->2023:0.9942;2023->2024:0.0701;2024->2025:1.0;2025->2026:0.9336
R504,R,"2022,2023,2024,2025,2026",5,1,0.0795,0.6924,0.8548,Power (most) actuators off of approved devices.,2022->2023:0.9216;2023->2024:0.0795;2024->2025:0.9138;2025->2026:0.8548
R505,R,"2022,2023,2024,2025,2026",5,1,0.0642,0.6942,0.7742,Don’t overload controllers.,2022->2023:1.0;2023->2024:0.0642;2024->2025:0.9385;2025->2026:0.7742
R506,R,"2024,2025,2026",3,1,0.8911,0.941,0.991,Control servos safely.,2024->2025:0.8911;2025->2026:0.991
R601,R,"2022,2023,2024,2025,2026",5,1,0.8322,0.9472,0.8322,Battery limit – everyone has the same power.,2022->2023:1.0;2023->2024:0.9567;2024->2025:1.0;2025->2026:0.8322
R602,R,"2022,2023,2024,2025,2026",5,1,0.8789,0.9397,1.0,Other batteries for cameras or computers only.,2022->2023:0.8789;2023->2024:0.9535;2024->2025:0.9265;2025->2026:1.0
R603,R,"2022,2023,2024,2025,2026",5,1,1.0,1.0,1.0,Charge batteries with safe connectors.,2022->2023:1.0;2023->2024:1.0;2024->2025:1.0;2025->2026:1.0
R604,R,"2022,2023,2024,2025,2026",5,1,0.9643,0.9911,1.0,Charge batteries at a safe rate.,2022->2023:1.0;2023->2024:0.9643;2024->2025:1.0;2025->2026:1.0
R605,R,"2022,2023,2024,2025,2026",5,1,1.0,1.0,1.0,Batteries are not ballast.,2022->2023:1.0;2023->2024:1.0;2024->2025:1.0;2025->2026:1.0
R606,R,"2022,2023,2024,2025,2026",5,1,1.0,1.0,1.0,Secure the battery.,2022->2023:1.0;2023->2024:1.0;2024->2025:1.0;2025->2026:1.0
R607,R,"2022,2023,2024,2025,2026",5,1,1.0,1.0,1.0,Insulate battery connections.,2022->2023:1.0;2023->2024:1.0;2024->2025:1.0;2025->2026:1.0
R608,R,"2022,2023,2024,2025,2026",5,1,1.0,1.0,1.0,Limit non-battery energy.,2022->2023:1.0;2023->2024:1.0;2024->2025:1.0;2025->2026:1.0
R609,R,"2022,2023,2024,2025,2026",5,1,0.7923,0.91,0.8765,Connect main power safely.,2022->2023:0.9895;2023->2024:0.9815;2024->2025:0.7923;2025->2026:0.8765
R610,R,"2022,2023,2024,2025,2026",5,1,0.7778,0.9032,0.7778,1 breaker/fuse per circuit.,2022->2023:1.0;2023->2024:0.9808;2024->2025:0.8542;2025->2026:0.7778
R611,R,"2022,2023,2024,2025,2026",5,1,0.9799,0.9909,0.9799,The ROBOT frame is not a wire.,2022->2023:0.9919;2023->2024:1.0;2024->2025:0.992;2025->2026:0.9799
R612,R,"2022,2023,2024,2025,2026",5,1,0.8263,0.9536,1.0,Must be able to turn ROBOT on and off safely.,2022->2023:1.0;2023->2024:0.8263;2024->2025:0.9879;2025->2026:1.0
R613,R,"2022,2023,2024,2025,2026",5,1,0.5588,0.8721,0.9495,Electrical system must be inspectable.,2022->2023:0.5588;2023->2024:1.0;2024->2025:0.98;2025->2026:0.9495
R614,R,"2022,2023,2024,2025,2026",5,1,0.7255,0.9314,1.0,No high voltage allowed.,2022->2023:1.0;2023->2024:1.0;2024->2025:0.7255;2025->2026:1.0
R615,R,"2022,2023,2024,2025,2026",5,1,0.3354,0.7336,0.3354,Power roboRIO as specified.,2022->2023:1.0;2023->2024:0.8571;2024->2025:0.7419;2025->2026:0.3354
R616,R,"2022,2023,2024,2025,2026",5,1,0.5667,0.8155,0.5667,Power radio as specified – Part 1.,2022->2023:1.0;2023->2024:0.8824;2024->2025:0.8127;2025->2026:0.5667
R617,R,"2022,2023,2024,2025,2026",5,1,0.3264,0.7631,0.3264,Power radio as specified – Part 2.,2022->2023:1.0;2023->2024:0.9133;2024->2025:0.8129;2025->2026:0.3264
R618,R,"2022,2023,2024,2025,2026",5,1,0.9212,0.9743,0.9212,Use PD terminals as designed.,2022->2023:1.0;2023->2024:1.0;2024->2025:0.9759;2025->2026:0.9212
R619,R,"2022,2023,2024,2025,2026",5,1,0.8451,0.912,0.8639,Only use specified circuit breakers in a PD.,2022->2023:0.9391;2023->2024:1.0;2024->2025:0.8451;2025->2026:0.8639
R620,R,"2022,2023,2024,2025,2026",5,1,0.8358,0.9406,0.9266,Only use specified fuses in PD.,2022->2023:1.0;2023->2024:1.0;2024->2025:0.8358;2025->2026:0.9266
R621,R,"2022,2023,2024,2025,2026",5,1,0.8937,0.9355,0.895,Protect circuits with appropriate circuit breakers.,2022->2023:1.0;2023->2024:0.8937;2024->2025:0.9535;2025->2026:0.895
R622,R,"2022,2023,2024,2025,2026",5,1,0.8119,0.8889,0.8119,Use appropriately sized wire.,2022->2023:0.9414;2023->2024:0.9026;2024->2025:0.8998;2025->2026:0.8119
R623,R,"2022,2023,2024,2025,2026",5,1,1.0,1.0,1.0,Use only appropriate connectors.,2022->2023:1.0;2023->2024:1.0;2024->2025:1.0;2025->2026:1.0
R624,R,"2022,2023,2024,2025,2026",5,1,1.0,1.0,1.0,Use specified wire colors (mostly).,2022->2023:1.0;2023->2024:1.0;2024->2025:1.0;2025->2026:1.0
R625,R,"2022,2023,2024,2025,2026",5,1,0.9792,0.9896,0.9852,Don’t modify critical power paths.,2022->2023:1.0;2023->2024:0.9792;2024->2025:0.9941;2025->2026:0.9852
R626,R,"2025,2026",2,1,1.0,1.0,1.0,VH-109 PoE passthrough.,2025->2026:1.0
R701,R,"2022,2023,2024,2025,2026",5,1,0.9589,0.9657,0.9589,Control the ROBOT with a roboRIO.,2022->2023:0.9589;2023->2024:0.9726;2024->2025:0.9726;2025->2026:0.9589
R702,R,"2022,2023,2024,2025,2026",5,1,0.7869,0.9127,0.966,Communicate with the ROBOT with the specified radio.,2022->2023:1.0;2023->2024:0.898;2024->2025:0.7869;2025->2026:0.966
R703,R,"2022,2023,2024,2025,2026",5,1,0.5296,0.8222,0.7848,Use specific Ethernet port for roboRIO.,2022->2023:1.0;2023->2024:0.9744;2024->2025:0.5296;2025->2026:0.7848
R704,R,"2022,2023,2024,2025,2026",5,1,0.9506,0.9639,0.9517,Only use allowed ports and bandwidth to communicate with the ROBOT.,2022->2023:1.0;2023->2024:0.9533;2024->2025:0.9506;2025->2026:0.9517
R705,R,"2022,2023,2024,2025,2026",5,1,1.0,1.0,1.0,Configure devices for your team number.,2022->2023:1.0;2023->2024:1.0;2024->2025:1.0;2025->2026:1.0
R706,R,"2022,2023,2024,2025,2026",5,1,1.0,1.0,1.0,Don’t bypass the ARENA network.,2022->2023:1.0;2023->2024:1.0;2024->2025:1.0;2025->2026:1.0
R707,R,"2022,2023,2024,2025,2026",5,1,0.8571,0.963,0.9951,Limited wireless allowed.,2022->2023:1.0;2023->2024:1.0;2024->2025:0.8571;2025->2026:0.9951
R708,R,"2022,2023,2024,2025,2026",5,1,1.0,1.0,1.0,Wireless bridge must be visible.,2022->2023:1.0;2023->2024:1.0;2024->2025:1.0;2025->2026:1.0
R709,R,"2022,2023,2024,2025,2026",5,1,0.9091,0.9516,0.9487,ROBOTS must have a signal light.,2022->2023:0.9091;2023->2024:0.9658;2024->2025:0.9829;2025->2026:0.9487
R710,R,"2022,2023,2024,2025,2026",5,1,0.9642,0.9725,0.9679,Only specified modifications to control system devices permitted.,2022->2023:0.9703;2023->2024:0.9642;2024->2025:0.9877;2025->2026:0.9679
R711,R,"2022,2023,2024,2025,2026",5,1,1.0,1.0,1.0,Don’t connect motor outputs to roboRIO.,2022->2023:1.0;2023->2024:1.0;2024->2025:1.0;2025->2026:1.0
R712,R,"2022,2023,2024,2025,2026",5,1,0.8734,0.9556,0.8734,Control PWM controllers from the roboRIO.,2022->2023:1.0;2023->2024:0.9886;2024->2025:0.9605;2025->2026:0.8734
R713,R,"2022,2023,2024,2025,2026",5,1,1.0,1.0,1.0,Only approved MXP devices can control actuators.,2022->2023:1.0;2023->2024:1.0;2024->2025:1.0;2025->2026:1.0
R714,R,"2022,2023,2024,2025,2026",5,1,0.9157,0.9761,1.0,Control CAN motor controllers from the roboRIO.,2022->2023:0.9157;2023->2024:1.0;2024->2025:0.9889;2025->2026:1.0
R715,R,"2022,2023,2024,2025,2026",5,1,0.9247,0.9608,0.9515,"Control PCM, PH, and Servo Hub from roboRIO.",2022->2023:0.967;2023->2024:1.0;2024->2025:0.9247;2025->2026:0.9515
R716,R,"2022,2023,2024,2025,2026",5,1,0.4103,0.8486,0.9841,Don’t alter the CAN bus.,2022->2023:1.0;2023->2024:1.0;2024->2025:0.4103;2025->2026:0.9841
R717,R,"2022,2023,2024,2025,2026",5,1,0.1008,0.7752,1.0,USB to CAN adapter permitted.,2022->2023:1.0;2023->2024:1.0;2024->2025:0.1008;2025->2026:1.0
R718,R,"2022,2023,2024",3,1,1.0,1.0,1.0,USB to CAN adapter permitted.,2022->2023:1.0;2023->2024:1.0
R801,R,"2022,2023,2024,2025,2026",5,1,1.0,1.0,1.0,Only use explicitly permitted pneumatic parts,2022->2023:1.0;2023->2024:1.0;2024->2025:1.0;2025->2026:1.0
R802,R,"2022,2023,2024,2025,2026",5,1,0.8585,0.9532,0.8585,No custom pneumatics and meet minimum pressure ratings.,2022->2023:1.0;2023->2024:0.9543;2024->2025:1.0;2025->2026:0.8585
R803,R,"2022,2023,2024,2025,2026",5,1,0.982,0.9955,1.0,Don’t modify pneumatics.,2022->2023:1.0;2023->2024:0.982;2024->2025:1.0;2025->2026:1.0
R804,R,"2022,2023,2024,2025,2026",5,1,0.9556,0.9869,0.9556,Only use specific pneumatic devices.,2022->2023:1.0;2023->2024:0.9919;2024->2025:1.0;2025->2026:0.9556
R805,R,"2022,2023,2024,2025,2026",5,1,0.9672,0.9826,0.9836,"If using pneumatics, these parts are required.",2022->2023:0.9959;2023->2024:0.9672;2024->2025:0.9836;2025->2026:0.9836
R806,R,"2022,2023,2024,2025,2026",5,1,0.9537,0.985,0.9537,Compressed air from ROBOT compressor only.,2022->2023:1.0;2023->2024:0.9862;2024->2025:1.0;2025->2026:0.9537
R807,R,"2022,2023,2024,2025,2026",5,1,0.9577,0.9827,0.973,Air storage pressure limit.,2022->2023:1.0;2023->2024:0.9577;2024->2025:1.0;2025->2026:0.973
R808,R,"2022,2023,2024,2025,2026",5,1,0.8889,0.9596,0.9496,Working air pressure limit.,2022->2023:1.0;2023->2024:0.8889;2024->2025:1.0;2025->2026:0.9496
R809,R,"2022,2023,2024,2025,2026",5,1,0.9333,0.9777,0.9333,Limited devices at high pressure.,2022->2023:1.0;2023->2024:0.9774;2024->2025:1.0;2025->2026:0.9333
R810,R,"2022,2023,2024,2025,2026",5,1,0.96,0.99,1.0,Pressure gauges must be visible.,2022->2023:1.0;2023->2024:0.96;2024->2025:1.0;2025->2026:1.0
R811,R,"2022,2023,2024,2025,2026",5,1,0.9193,0.972,0.9193,Relief valve requirements.,2022->2023:1.0;2023->2024:0.9686;2024->2025:1.0;2025->2026:0.9193
R812,R,"2022,2023,2024,2025,2026",5,1,0.9745,0.9936,1.0,Pressure switch requirements.,2022->2023:0.9745;2023->2024:1.0;2024->2025:1.0;2025->2026:1.0
R813,R,"2022,2023,2024,2025,2026",5,1,1.0,1.0,1.0,Vent plug requirements.,2022->2023:1.0;2023->2024:1.0;2024->2025:1.0;2025->2026:1.0
R814,R,"2022,2023,2024,2025,2026",5,1,0.4839,0.871,1.0,Don’t connect solenoid outputs together.,2022->2023:1.0;2023->2024:0.4839;2024->2025:1.0;2025->2026:1.0
R901,R,"2022,2023,2024,2025,2026",5,1,0.9747,0.981,0.9873,Use the specified Driver Station Software.,2022->2023:0.9747;2023->2024:0.9747;2024->2025:0.9873;2025->2026:0.9873
R902,R,"2022,2023,2024,2025,2026",5,1,1.0,1.0,1.0,The OPERATOR CONSOLE must have a visible display.,2022->2023:1.0;2023->2024:1.0;2024->2025:1.0;2025->2026:1.0
R903,R,"2022,2023,2024,2025,2026",5,1,1.0,1.0,1.0,Connect FMS Ethernet directly to the OPERATOR CONSOLE.,2022->2023:1.0;2023->2024:1.0;2024->2025:1.0;2025->2026:1.0
R904,R,"2022,2023,2024,2025,2026",5,1,0.7903,0.9225,0.7903,OPERATOR CONSOLE physical requirements.,2022->2023:0.98;2023->2024:0.9325;2024->2025:0.9874;2025->2026:0.7903
R905,R,"2022,2023,2024,2025,2026",5,1,1.0,1.0,1.0,FIELD wireless only.,2022->2023:1.0;2023->2024:1.0;2024->2025:1.0;2025->2026:1.0
R906,R,"2022,2023,2024,2025,2026",5,1,1.0,1.0,1.0,No unsafe OPERATOR CONSOLES.,2022->2023:1.0;2023->2024:1.0;2024->2025:1.0;2025->2026:1.0
R907,R,"2025,2026",2,1,1.0,1.0,1.0,No AC inverters.,2025->2026:1.0
S1,S,"2017,2018,2019,2020,2021",5,1,0.0882,0.7592,1.0,ROBOTS whose operation or design is dangerous or unsafe are,2017->2018:0.0882;2018->2019:0.9487;2019->2020:1.0;2020->2021:1.0
S2,S,"2017,2018,2019,2020,2021",5,1,0.0635,0.5121,0.9793,Team members may only enter the FIELD if the POWER PORT LEDs are,2017->2018:0.0635;2018->2019:0.7342;2019->2020:0.2714;2020->2021:0.9793
S3,S,"2017,2018,2019",3,1,0.112,0.5169,0.9217,Team members may only enter or exit the FIELD through open,2017->2018:0.112;2018->2019:0.9217
S4,S,"2017,2018,2019,2020,2021",5,1,0.1391,0.5611,1.0,"ROBOTS and anything they control, e.g. a",2017->2018:0.1709;2018->2019:0.9344;2019->2020:0.1391;2020->2021:1.0
S5,S,"2017,2018,2019,2020,2021",5,1,0.1622,0.6826,1.0,DRIVE TEAMS may not extend any body part into,2017->2018:0.7812;2018->2019:0.7869;2019->2020:0.1622;2020->2021:1.0
S6,S,"2017,2018,2019,2020,2021",5,1,0.3167,0.7239,1.0,DRIVE TEAMS may not extend any body part into the LOADING BAY,2017->2018:0.3167;2018->2019:0.6377;2019->2020:0.9412;2020->2021:1.0
S7,S,"2017,2020,2021",3,0,0.9721,0.9721,0.9721,"Team members may not sit, climb, or",2017->2020:None;2020->2021:0.9721
T1,T,"2015,2016,2017,2018,2019,2020,2021",7,1,0.0165,0.5021,1.0,"During the period when the ARENA is open for measurement, ROBOTS can be",2015->2016:0.7879;2016->2017:0.0788;2017->2018:0.9939;2018->2019:0.1353;2019->2020:0.0165;2020->2021:1.0
T2,T,"2016,2017,2018,2019,2020,2021",6,1,0.0151,0.3228,0.0813,An ALLIANCE may not request a TIMEOUT or a BACKUP TEAM after a Playoff MATCH is stopped,2016->2017:0.0151;2017->2018:0.8367;2018->2019:0.64;2019->2020:0.041;2020->2021:0.0813
T3,T,"2015,2016,2017,2018,2019,2020,2021",7,1,0.0131,0.2779,0.2194,"If an ALLIANCE wishes to use their TIMEOUT, the ALLIANCE CAPTAIN must submit their TIMEOUT",2015->2016:0.4048;2016->2017:0.0131;2017->2018:0.8756;2018->2019:0.0668;2019->2020:0.0876;2020->2021:0.2194
T4,T,"2016,2017,2018,2019,2020",5,1,0.0504,0.2979,0.0621,Only team members wearing proper buttons are allowed on the ARENA floor during,2016->2017:0.1277;2017->2018:0.9515;2018->2019:0.0504;2019->2020:0.0621
T5,T,"2015,2016,2017,2018,2019",5,1,0.0346,0.4564,0.057,Only team members wearing proper buttons are allowed on the ARENA floor during Subdivision,2015->2016:0.781;2016->2017:0.0346;2017->2018:0.9529;2018->2019:0.057
T6,T,"2015,2016,2017,2018",4,1,0.0258,0.3476,0.9697,There are no cascading TIMEOUTS. If an ALLIANCE calls a TIMEOUT during a FIELD,2015->2016:0.0472;2016->2017:0.0258;2017->2018:0.9697
T7,T,"2015,2016,2017,2018",4,1,0.0717,0.3886,1.0,TIMEOUTS are not transferrable between ALLIANCES.,2015->2016:0.094;2016->2017:0.0717;2017->2018:1.0
T8,T,"2015,2016,2017,2018",4,1,0.0596,0.3824,0.9898,I,2015->2016:0.0978;2016->2017:0.0596;2017->2018:0.9898
T9,T,"2015,2016,2017,2018",4,1,0.1307,0.4205,0.9835,An ALLIANCE may request neither a TIMEOUT nor a BACKUP TEAM after a Playoff MATCH is,2015->2016:0.1472;2016->2017:0.1307;2017->2018:0.9835
T10,T,"2015,2016,2017,2018",4,1,0.0449,0.3347,0.9101,Pit Crew members may not be in the ALLIANCE STATION or PORTAL during a MATCH.,2015->2016:0.0449;2016->2017:0.0491;2017->2018:0.9101
T11,T,"2015,2016,2017,2018",4,1,0.0305,0.361,1.0,"The ALLIANCE CAPTAIN must report the LINEUP to the Head REFEREE, or their designee, in",2015->2016:0.0524;2016->2017:0.0305;2017->2018:1.0
T12,T,"2015,2016,2017,2018",4,1,0.087,0.3927,0.9963,"Once the LINEUP has been declared, it cannot be changed unless there is a TIMEOUT. If there",2015->2016:0.0947;2016->2017:0.087;2017->2018:0.9963
T13,T,"2015,2016,2017,2018",4,1,0.0655,0.357,0.9222,"If a MATCH must be replayed due to an ARCADE FAULT, the LINEUP for the replayed MATCH",2015->2016:0.0655;2016->2017:0.0833;2017->2018:0.9222
T14,T,"2015,2016,2017,2018",4,1,0.0457,0.2054,0.5006,Only Team members wearing proper buttons are allowed on the ARCADE floor during,2015->2016:0.0457;2016->2017:0.07;2017->2018:0.5006
T15,T,"2015,2016,2017,2018",4,1,0.041,0.0678,0.0634,"During the Einstein Finals, if the MATCH score of each ALLIANCE is equal, the MATCH is",2015->2016:0.0991;2016->2017:0.041;2017->2018:0.0634
T16,T,"2015,2016,2017,2018",4,1,0.0777,0.0942,0.1111,A team is considered to have already earned a FIRST Championship invitation prior to the,2015->2016:0.0938;2016->2017:0.0777;2017->2018:0.1111
T17,T,"2015,2016,2017,2018",4,1,0.0635,0.0919,0.0893,A Team competing at a Regional Event qualifies for the FIRST Championship by meeting one of,2015->2016:0.0635;2016->2017:0.1228;2017->2018:0.0893
T18,T,"2015,2016,2017,2018",4,1,0.026,0.0705,0.1185,All Regional events have a minimum of one (1) Wild Card slot. Additional Wild Cards are,2015->2016:0.026;2016->2017:0.0671;2017->2018:0.1185
T19,T,"2015,2016,2017,2018",4,1,0.0297,0.1195,0.2424,"If a member of the Finalist ALLIANCE has already qualified for the FIRST Championship, per",2015->2016:0.0864;2016->2017:0.0297;2017->2018:0.2424
T20,T,"2015,2016,2017,2018",4,1,0.0271,0.0803,0.0784,Unused Wild Card slots will not be backfilled or replaced.,2015->2016:0.1354;2016->2017:0.0271;2017->2018:0.0784
T21,T,"2015,2016,2017,2018",4,1,0.0236,0.066,0.0236,Teams selected from the FIRST Championship Waitlist to participate at the FIRST Championship,2015->2016:0.0875;2016->2017:0.087;2017->2018:0.0236
T22,T,"2016,2017,2018",3,1,0.017,0.0548,0.017,A Team competing in a District qualifies for their District Championship by meeting one of the,2016->2017:0.0926;2017->2018:0.017
T23,T,"2016,2017",2,1,0.0277,0.0277,0.0277,Teams selected from the FIRST Championship Waitlist to participate at the FIRST Championship,2016->2017:0.0277
T24,T,"2016,2017",2,1,0.0428,0.0428,0.0428,A Team competing in a District qualifies for their District Championship by meeting one of the,2016->2017:0.0428
T25,T,"2016,2017",2,1,0.0842,0.0842,0.0842,TEAMS must compete in each MATCH with the same ROBOT they competed with at FIRST,2016->2017:0.0842
T26,T,"2016,2017",2,1,0.0689,0.0689,0.0689,ROBOTS used at the Festival of Champions must remain compliant with all ROBOT rules except,2016->2017:0.0689
T201,T,"2024,2025,2026",3,1,0.8617,0.9308,1.0,Replays will be the same.,2024->2025:0.8617;2025->2026:1.0
T301,T,"2023,2024,2025,2026",4,1,0.0567,0.5464,0.9158,"Measurement, not practice.",2023->2024:0.0567;2024->2025:0.6667;2025->2026:0.9158
T401,T,"2022,2023",2,1,0.9244,0.9244,0.9244,"Freeze, ROBOT.",2022->2023:0.9244
T601,T,"2024,2025,2026",3,1,0.3184,0.6592,1.0,Send your STUDENT representatives.,2024->2025:0.3184;2025->2026:1.0
T602,T,"2024,2025,2026",3,1,0.1194,0.5597,1.0,STUDENTS must outnumber adults.,2024->2025:0.1194;2025->2026:1.0
T603,T,"2024,2025,2026",3,1,0.1558,0.5779,1.0,Only STUDENTS may use the mic.,2024->2025:0.1558;2025->2026:1.0
T604,T,"2024,2025,2026",3,1,0.1176,0.5588,1.0,Only the ALLIANCE CAPTAIN may invite an ALLIANCE.,2024->2025:0.1176;2025->2026:1.0
T605,T,"2024,2025,2026",3,1,0.0412,0.5206,1.0,Picks are time limited.,2024->2025:0.0412;2025->2026:1.0
T606,T,"2024,2025,2026",3,1,0.136,0.482,0.8281,Declining teams can’t be picked.,2024->2025:0.136;2025->2026:0.8281
T610,T,"2024,2025,2026",3,1,0.1376,0.5688,1.0,BACKUP TEAMS due 2 minutes before the MATCH start time.,2024->2025:0.1376;2025->2026:1.0
T611,T,"2025,2026",2,1,1.0,1.0,1.0,Be there to be a BACKUP TEAM.,2025->2026:1.0
T612,T,"2025,2026",2,1,1.0,1.0,1.0,Send a BACKUP TEAM Representative.,2025->2026:1.0
T613,T,"2025,2026",2,1,1.0,1.0,1.0,LINEUPS due 2 minutes before the MATCH.,2025->2026:1.0
T614,T,"2025,2026",2,1,1.0,1.0,1.0,"For replays, no changing LINEUPS (mostly).",2025->2026:1.0
T701,T,"2022,2023",2,1,0.0746,0.0746,0.0746,Send a STUDENT representative.,2022->2023:0.0746
T702,T,"2022,2023",2,1,0.114,0.114,0.114,Declining teams can’t be picked.,2022->2023:0.114
T901,T,"2022,2023",2,1,0.3795,0.3795,0.3795,Wear your buttons.,2022->2023:0.3795
