2021_id	2022_id	headline_sim	body_sim	2021_headline	2022_headline
C01	H201	1.000	0.510	Egregious or exceptional violations. Egregious behavior beyond what is listed in the rules	*Egregious or exceptional violations. Egregious behavior beyond what is listed in the rule
C02	H101	0.663	0.863	Be a good person. All teams must be civil toward their team members, other team members,	*Be a good person. All teams must be civil toward everyone and respectful of team and even
C03	H105	1.000	0.662	Asking other teams to throw a MATCH - not cool. A team may not encourage an ALLIANCE, of	*Asking other teams to throw a MATCH - not cool. A team may not encourage an ALLIANCE, of
C04	H105	0.570	0.569	Letting someone coerce you in to throwing a MATCH - also not cool. A team, as the result o	*Asking other teams to throw a MATCH - not cool. A team may not encourage an ALLIANCE, of
C05	H102	0.923	0.970	Enter only one (1) ROBOT. Each registered FIRST Robotics Competition team may enter only o	*Enter only 1 ROBOT. Each registered FIRST Robotics Competition team may enter only 1 ROBO
C06	H305	1.000	0.875	Show up to your MATCHES. Upon each team's ROBOT passing initial, complete Inspection, the	*Show up to your MATCHES. Upon each team's ROBOT passing initial, complete inspection, the
C07	H301	1.000	0.973	Be prompt/safe when coming to and going from the FIELD. DRIVE TEAMS may not cause	*Be prompt/safe when coming to and going from the FIELD. DRIVE TEAMS may not cause
C08	G201	1.000	0.548	Don't expect to gain by doing others harm. Strategies clearly aimed at forcing the opponen	*Don't expect to gain by doing others harm. Strategies clearly aimed at forcing the oppone
C09	H104	0.418	0.179	One student, one Head REFEREE. A team may only send one (1) pre-college student from its	*Never step over the guardrail. Team members may only enter or exit the FIELD through open
C10	H307	0.908	0.888	Plug in to/be in your PLAYER STATION. The OPERATOR CONSOLE must be used in the	*Plug in to/be in your DRIVER STATION. The OPERATOR CONSOLE must be used in the DRIVER
C11	G209	0.482	0.469	Don't trick the sensors. Teams may not interfere with any automated scoring hardware.	Don't climb on each other. A ROBOT may not be fully supported by a partner ROBOT.
G01	G401	0.442	0.134	Know your ROBOT setup. When placed on the FIELD for a MATCH, each ROBOT must be:	*Keep CARGO in bounds. ROBOTS may not eject opponent CARGO from the FIELD other than
G02	G401	0.424	0.148	Teams may not enable their ROBOTS on the FIELD. Teams may not tether to the ROBOT while	*Keep CARGO in bounds. ROBOTS may not eject opponent CARGO from the FIELD other than
G03	G210	0.708	0.502	During AUTO, no defense. During AUTO, a ROBOT'S BUMPERS may not break the plane of their	During AUTO, no defense. During AUTO, a ROBOT with any part of its BUMPERS on the opposite
G04	G210	0.532	0.260	During AUTO, behind the lines. During AUTO, DRIVE TEAM members in ALLIANCE STATIONS	During AUTO, no defense. During AUTO, a ROBOT with any part of its BUMPERS on the opposite
G05	G210	0.480	0.341	During AUTO, let the ROBOT do its thing. During AUTO, DRIVE TEAMS may not directly or	During AUTO, no defense. During AUTO, a ROBOT with any part of its BUMPERS on the opposite
G06	G403	0.582	0.695	No more than five (5) POWER CELLS at a time. ROBOTS may not have greater-than-momentary	2 CARGO max. ROBOTS may not have greater-than-MOMENTARY CONTROL of more than 2
G07	G401	0.639	0.564	Keep POWER CELLS in bounds. ROBOTS may not intentionally eject POWER CELLS from the	*Keep CARGO in bounds. ROBOTS may not eject opponent CARGO from the FIELD other than
G08	G402	0.746	0.636	POWER CELLS: use as directed. ROBOTS may not deliberately use POWER CELLS in an attempt	*CARGO: use as directed. ROBOTS may neither deliberately use CARGO in an attempt to ease o
G09	G209	0.527	0.271	No full court shots. A ROBOT whose BUMPERS are fully contained by their SECTOR may not	Don't climb on each other. A ROBOT may not be fully supported by a partner ROBOT.
G10	G210	0.494	0.304	Right of way. A ROBOT whose BUMPERS are intersecting the opponent's TARGET ZONE,	During AUTO, no defense. During AUTO, a ROBOT with any part of its BUMPERS on the opposite
G11	G209	0.465	0.268	Give opponents some space. An opponent ROBOT may not contact a ROBOT whose	Don't climb on each other. A ROBOT may not be fully supported by a partner ROBOT.
G12	G204	0.413	0.284	Leave the opponent's CONTROL PANEL alone. During TELEOP, a ROBOT may not contact	*Stay out of other ROBOTS. A ROBOT may not use a COMPONENT outside its FRAME
G13	G209	0.626	0.525	Don't climb on each other unless at the RENDEZVOUS POINT. A ROBOT may not be fully	Don't climb on each other. A ROBOT may not be fully supported by a partner ROBOT.
G14	G101	0.407	0.327	During the ENDGAME, don't touch ROBOTS in their RENDEZVOUS POINT. During the	*Dangerous ROBOTS: not allowed. ROBOTS whose operation or design is dangerous or unsafe
G15	G204	0.384	0.212	During the ENDGAME, don't mess with HANGING opponents. During the ENDGAME, a	*Stay out of other ROBOTS. A ROBOT may not use a COMPONENT outside its FRAME
G16	G104	0.528	0.284	Keep your BUMPERS low. BUMPERS must be in the BUMPER ZONE (see R18) during the	*Keep your BUMPERS together. BUMPERS may not fail such that a segment completely
G17	G106	0.847	0.690	Tall ROBOTS not allowed. ROBOT height, as measured when it's resting normally on a flat	Tall ROBOTS in HANGAR ZONE only. ROBOT height, as measured when it's resting normally on a
G18	G107	0.912	0.630	Don't overextend yourself. ROBOTS may not extend more than 12 inches (~30 cm) beyond	Don't overextend yourself. ROBOTS may not extend more than 16 in. (~40 cm) beyond their
G19	G105	1.000	0.995	Keep it together. ROBOTS may not intentionally detach or leave parts on the FIELD.	*Keep it together. ROBOTS may not intentionally detach or leave parts on the FIELD.
G20	G104	1.000	0.880	Keep your BUMPERS together. BUMPERS may not fail such that a segment completely	*Keep your BUMPERS together. BUMPERS may not fail such that a segment completely
G21	G401	0.526	0.258	There's a 5-count on pins. ROBOTS may not PIN an opponent's ROBOT for more than five (5)	*Keep CARGO in bounds. ROBOTS may not eject opponent CARGO from the FIELD other than
G22	G104	0.383	0.155	Don't collude with your partners to shut down major parts of game play. Two or more	*Keep your BUMPERS together. BUMPERS may not fail such that a segment completely
G23	G107	0.461	0.238	Don't tear others down to lift yourself up. ROBOT actions that appear to be deliberate to 	Don't overextend yourself. ROBOTS may not extend more than 16 in. (~40 cm) beyond their
G24	G204	0.890	0.532	Stay out of other ROBOTS. A ROBOT with a COMPONENT(S) outside its FRAME	*Stay out of other ROBOTS. A ROBOT may not use a COMPONENT outside its FRAME
G25	G101	0.480	0.226	Damaging other ROBOTS, not allowed. Regardless of intent, a ROBOT may not initiate direct	*Dangerous ROBOTS: not allowed. ROBOTS whose operation or design is dangerous or unsafe
G26	G301	0.976	0.883	Be careful what you interact with. ROBOTS and OPERATOR CONSOLES are prohibited from	Be careful what you interact with. ROBOTS and OPERATOR CONSOLES are prohibited from the
H01	H303	1.000	0.833	You can't bring/use anything you want. The only equipment that may be brought to the ARENA	*You can't bring/use anything you want. The only equipment that may be brought to the AREN
H02	H310	0.895	0.381	Know your DRIVE TEAM positions. Prior to the start of the MATCH, DRIVE TEAMS and any	Know your DRIVE TEAM positions. Prior to the start of the MATCH, DRIVE TEAM members must
H03	H311	0.734	0.627	Leave the POWER CELLS alone. Prior to the start of the MATCH, DRIVE TEAMS may not	Leave the CARGO alone. Prior to the start of the MATCH, HUMAN PLAYERS may not remove the
H04	H501	1.000	0.998	COACHES and other teams: hands off the controls. A ROBOT shall be operated only by the	*COACHES and other teams: hands off the controls. A ROBOT shall be operated only by the
H05	H502	0.769	0.851	No wandering. During the MATCH, DRIVERS, COACHES, and HUMAN PLAYERS may not contact	No wandering. DRIVERS, COACHES, and HUMAN PLAYERS may not contact anything outside the
H06	H504	0.553	0.645	POWER CELLS through LOADING BAYS only. POWER CELLS may only be introduced to the	TELEOP CARGO delivery. During TELEOP, CARGO may only be introduced to the FIELD
H07	H505	0.541	0.329	COACHES, no POWER CELLS. During a MATCH, COACHES may not touch POWER CELLS,	Opponent CARGO is off limits. During a MATCH, HUMAN PLAYERS may not contact opponent
H08	H202	0.383	0.051	This rule has been renumbered as C11.	The intent of this rule is to provide the Head REFEREES the flexibility necessary
H09	H504	0.488	0.135	POWER CELLS, recycle. During TELEOP, an ALLIANCE may not have more than fourteen (14)	TELEOP CARGO delivery. During TELEOP, CARGO may only be introduced to the FIELD
H10	H307	0.509	0.272	POWER CELLS go on the rack. POWER CELLS must be stored on the LOADING BAY racks.	*Plug in to/be in your DRIVER STATION. The OPERATOR CONSOLE must be used in the DRIVER
H11	H306	0.458	0.245	By invitation only. Only DRIVE TEAMS for the current MATCH are allowed in their respective	*Identify yourself. DRIVE TEAMS must wear proper identification while in the ARENA. Proper
H12	H306	1.000	0.794	Identify yourself. DRIVE TEAMS must wear proper identification while in the ARENA. Proper	*Identify yourself. DRIVE TEAMS must wear proper identification while in the ARENA. Proper
H13	H308	0.556	0.164	Don't abuse ARENA access. Team members (except DRIVERS, HUMAN PLAYERS, and	*Don't bang on the glass. Team members may never strike or hit the DRIVER STATION plastic
H14	H403	0.448	0.362	Don't mess with POWER CELLS. Teams may not modify POWER CELLS in any way.	*Let the ROBOT do its thing. During AUTO, DRIVE TEAMS may not directly or indirectly inter
H15	H308	0.955	0.966	Don't bang on the glass. Team members may never strike or hit the PLAYER STATION plastic	*Don't bang on the glass. Team members may never strike or hit the DRIVER STATION plastic
H16	H108	0.930	0.055	Be careful what you interact with. DRIVE TEAMS are prohibited from the following actions w	*Be careful what you interact with. Team members are prohibited from the following actions
I01	I101	1.000	0.508	It's your team's ROBOT. The ROBOT and its MAJOR MECHANISMS must be built by the FIRST	*It's your team's ROBOT. The ROBOT and its MAJOR MECHANISMS must be built by the FIRST
I02	I105	0.374	0.151	Get inspected before playing a Qualification/Playoff MATCH. A team is only permitted to	recent passed inspection, it must be re-inspected before it is eligible to participate in 
I03	I105	0.402	0.249	Bring it all to Inspection. At the time of Inspection, the OPERATOR CONSOLE and the ROBOT	recent passed inspection, it must be re-inspected before it is eligible to participate in 
I04	I105	0.364	0.158	Unless the change is listed below, any change to a ROBOT must get re-Inspected. A ROBOT	recent passed inspection, it must be re-inspected before it is eligible to participate in 
I05	I101	0.375	0.174	Don't exploit I4. Teams may not use the re-Inspection process in I4 to circumvent the weig	*It's your team's ROBOT. The ROBOT and its MAJOR MECHANISMS must be built by the FIRST
I06	I107	0.333	0.010	This rule has been removed for the 2021 season.	compliance with specific rules (firmware check, etc.). INSPECTORS may allow the ROBOT to b
I07	I107	0.383	0.094	ROBOTS are off for Inspection, mostly. For the safety of all those involved, ROBOTS, must 	compliance with specific rules (firmware check, etc.). INSPECTORS may allow the ROBOT to b
I08	I107	0.361	0.871	No student, no Inspection. At least one student team member must accompany the ROBOT for a	compliance with specific rules (firmware check, etc.). INSPECTORS may allow the ROBOT to b
R01	R101	0.599	0.930	The ROBOT (excluding BUMPERS) must have a FRAME PERIMETER, contained within the	*FRAME PERIMETER must be fixed. The ROBOT (excluding BUMPERS) must have a FRAME
R02	R103	0.511	0.213	In the STARTING CONFIGURATION (the physical configuration in which a ROBOT starts a MATCH)	configuration in which a ROBOT starts a MATCH), no part of the ROBOT shall extend outside 
R03	R102	0.460	0.262	A ROBOT'S STARTING CONFIGURATION may not have a FRAME PERIMETER greater than 120	*STARTING CONFIGURATION - no overhang. In the STARTING CONFIGURATION (the physical
R04	R105	0.723	0.835	ROBOTS may not extend more than 12 in. (~30 cm) beyond their FRAME PERIMETER (see Figure	ROBOT extension limit. ROBOTS may not extend more than 16 in. (~40 cm) beyond their FRAME
R05	R105	0.420	0.248	The ROBOT weight must not exceed 125 lbs. (~56 kg). When determining weight, the basic ROB	ROBOT extension limit. ROBOTS may not extend more than 16 in. (~40 cm) beyond their FRAME
R06	R201	0.762	0.637	Traction devices must not have surface features that could damage the ARENA (e.g. metal,	*No digging into carpet. Traction devices must not have surface features that could damage
R07	R103	0.503	0.416	Protrusions from the ROBOT and exposed surfaces on the ROBOT shall not pose hazards to the	configuration in which a ROBOT starts a MATCH), no part of the ROBOT shall extend outside 
R08	R707	0.365	0.029	ROBOT parts shall not be made from hazardous materials, be unsafe, cause an unsafe conditi	The FMS Whitepaper has more details on how to check and optimize bandwidth
R09	R714	0.458	0.241	ROBOTS must allow removal of game pieces from the ROBOT and the ROBOT from FIELD	controller outputs shall be directly connected to the roboRIO, with the exception of the d
R10	R101	0.407	0.210	Lubricants may be used only to reduce friction within the ROBOT. Lubricants must not	*FRAME PERIMETER must be fixed. The ROBOT (excluding BUMPERS) must have a FRAME
R11	R622	0.381	0.060	This rule has been removed for the 2021 season.	This rule does not prohibit the use of smaller value breakers in the PDP/PDH or
R12	R301	0.692	0.633	No individual, non-KOP item or software used on the ROBOT shall have a Fair Market Value t	*Individual item cost limit. No individual, non-KOP item or software shall have a Fair Mar
R13	R303	0.519	0.037	Example 2: A team receives a donated sensor. The company would normally sell this	Example 2: A team re-uses a RAPID REACT-legal motor from a previous ROBOT
R14	R622	0.381	0.060	This rule has been removed for the 2021 season.	This rule does not prohibit the use of smaller value breakers in the PDP/PDH or
R15	R622	0.381	0.060	This rule has been removed for the 2021 season.	This rule does not prohibit the use of smaller value breakers in the PDP/PDH or
R16	R103	0.417	0.055	During an event a team is attending (regardless of whether the team is physically at the e	configuration in which a ROBOT starts a MATCH), no part of the ROBOT shall extend outside 
R17	R401	0.601	0.925	ROBOTS are required to use BUMPERS to protect all outside corners of the FRAME	*BUMPERS should protect all corners. ROBOTS are required to use BUMPERS to protect all
R18	R402	0.765	0.310	Except as allowed per G16, BUMPERS must be located entirely within the BUMPER ZONE,	*BUMPERS must stay low. BUMPERS must be located entirely within the BUMPER ZONE, which
R19	R402	0.530	0.380	BUMPERS must not be articulated (relative to the FRAME PERIMETER).	*BUMPERS must stay low. BUMPERS must be located entirely within the BUMPER ZONE, which
R20	R402	0.417	0.312	BUMPERS (the entire BUMPER, not just the cover) must be designed for quick and easy	*BUMPERS must stay low. BUMPERS must be located entirely within the BUMPER ZONE, which
R21	R402	0.439	0.174	Each ROBOT must be able to display primarily Red or Blue BUMPERS to MATCH their	*BUMPERS must stay low. BUMPERS must be located entirely within the BUMPER ZONE, which
R22	R402	0.479	0.140	Team numbers must be displayed and positioned on the BUMPERS such that an observer	*BUMPERS must stay low. BUMPERS must be located entirely within the BUMPER ZONE, which
R23	R410	0.440	0.160	Each set of BUMPERS (including any fasteners and/or structures that attach them to the	*BUMPERS must be supported. BUMPERS must be supported by the structure/frame of the
R24	R505	0.449	0.092	BUMPERS must be constructed as follows (see Figure 9-7):	*Control servos safely. Servos must be connected to, and only to, 1 of the following:
R25	R409	0.811	0.808	Corner joints between BUMPERS must be filled with pool noodle material. Examples of	*Fill BUMPER corners. Corner joints between BUMPERS must be filled with pool noodle materi
R26	R410	0.667	0.947	BUMPERS must be supported by the structure/frame of the ROBOT (see Figure 9-9). To be	*BUMPERS must be supported. BUMPERS must be supported by the structure/frame of the
R27	R501	0.807	0.736	The only motors and actuators permitted on 2021 ROBOTS include the following (in any	*Allowable motors. The only motors and actuators permitted include the following (in any
R28	R503	0.426	0.374	The integral mechanical and electrical system of any motor must not be modified. Motors, s	D. The connector housings on KOP automotive motors listed in Table 9-1 may be modified to
R29	R505	0.411	0.152	With the exception of servos, fans, or motors integral to sensors of COTS computing device	*Control servos safely. Servos must be connected to, and only to, 1 of the following:
R30	R504	0.709	0.614	Each power regulating device may control electrical loads per Table 9-2. Unless otherwise 	*Don't overload controllers. Each power regulating device may control electrical loads per
R31	R505	0.816	0.954	Servos must be connected to, and only to, one of the following:	*Control servos safely. Servos must be connected to, and only to, 1 of the following:
R32	R601	0.541	0.955	The only legal source of electrical energy for the ROBOT during the competition, the ROBOT	*Battery limit - everyone has the same power. The only legal source of electrical energy f
R33	R602	0.466	0.349	COTS USB battery packs with a capacity of 100Wh or less (20000mAh at 5V) and 2.5 Amp max	*Other batteries for cameras or computers only. COTS USB battery packs with a capacity of
R34	R101	0.429	0.161	Any battery charger used to charge a ROBOT battery must have the corresponding Anderson SB	*FRAME PERIMETER must be fixed. The ROBOT (excluding BUMPERS) must have a FRAME
R35	R103	0.393	0.407	Any battery charger used to charge a ROBOT battery may not be used such that it exceeds 6-	configuration in which a ROBOT starts a MATCH), no part of the ROBOT shall extend outside 
R36	R612	0.419	0.304	No batteries other than those allowed per R32 and R33 are allowed on the ROBOT, whether or	*1 breaker per circuit. All circuits, with the exceptions of those listed in R615 and R617
R37	R809	0.450	0.147	The ROBOT battery must be secured such that it will not dislodge during vigorous ROBOT	A ROBOT'S compressor may be substituted by another compressor, but a ROBOT
R38	R716	0.422	0.369	Each electrical terminal on the ROBOT battery, main breaker, and their connections (lugs,	*Connect the PDP/PDH to the roboRIO CAN bus. The PDP/PDH CAN interface must be
R39	R717	0.419	0.153	Non-electrical sources of energy used by the ROBOT, (i.e., stored at the start of a MATCH)	connected to the built-in CAN bus on the roboRIO (either directly or daisy-chained via ano
R40	R613	0.384	0.146	The one (1) ROBOT battery, a single pair of Anderson Power Products (or APP) 2-pole SB typ	(i.e. the load terminals, as shown in Figure 9-10) of the PDP/PDH, not the M6 cap screws.
R41	R612	0.747	0.696	All circuits, with the exceptions of those listed in R46 and R48, must connect to, and hav	*1 breaker per circuit. All circuits, with the exceptions of those listed in R615 and R617
R42	R615	0.573	0.488	All wiring and electrical devices, including all Control System COMPONENTS, shall be elect	*The ROBOT frame is not a wire. All wiring and electrical devices shall be electrically is
R43	R905	0.455	0.092	The 120A circuit breaker must be quickly and safely accessible from the exterior of the RO	*The OPERATOR CONSOLE must have a visible display. The OPERATOR CONSOLE, the set of
R44	R905	0.398	0.436	The PDP, associated wiring, and all circuit breakers must be visible for Inspection.	*The OPERATOR CONSOLE must have a visible display. The OPERATOR CONSOLE, the set of
R45	R501	0.452	0.081	Any active electrical item that is not an actuator (specified in R27) or core Control Syst	*Allowable motors. The only motors and actuators permitted include the following (in any
R46	R714	0.443	0.328	The roboRIO power input must be connected to the dedicated supply terminals on the PDP	controller outputs shall be directly connected to the roboRIO, with the exception of the d
R47	R616	0.627	0.441	The Wireless Bridge (Radio) power must be supplied directly by the 12V 2A output of a CTR	*Power radio as specified - Part 1. The wireless bridge (radio) power must be supplied by 
R48	R812	0.511	0.231	The VRM supplying power to the Wireless Bridge per R47 must be connected to the designated	*Pressure switch requirements. The pressure switch must be connected to the high-pressure
R49	R605	0.475	0.122	Only one wire shall be connected to each WAGO connector on the PDP.	output devices connected to the COTS computing device provided they are:
R50	R501	0.466	0.065	The only circuit breakers permitted for use in the PDP are:	*Allowable motors. The only motors and actuators permitted include the following (in any
R51	R403	0.400	0.213	The fuses in the PDP shall only be replaced with functionally identical fuses (mini automo	the floor in reference to the ROBOT standing normally on a flat floor. BUMPERS do not have
R52	R505	0.461	0.184	Each branch circuit must be protected by one and only one circuit breaker on the PDP per T	*Control servos safely. Servos must be connected to, and only to, 1 of the following:
R53	R101	0.405	0.201	All circuits shall be wired with appropriately sized insulated copper wire (SIGNAL LEVEL c	*FRAME PERIMETER must be fixed. The ROBOT (excluding BUMPERS) must have a FRAME
R54	R606	0.378	0.219	Branch circuits may include intermediate elements such as COTS connectors, splices, COTS	For example, teams may not use additional batteries as extra weight on their
R55	R104	0.372	0.119	All non-SIGNAL LEVEL wiring with a constant polarity (i.e., except for outputs of relay mo	vertical projection of the FRAME PERIMETER, with the exception of its BUMPERS and minor
R56	R714	0.454	0.146	CUSTOM CIRCUITS shall not directly alter the power pathways between the ROBOT battery,	controller outputs shall be directly connected to the roboRIO, with the exception of the d
R57	R701	0.632	0.242	ROBOTS must be controlled via one (1) programmable National Instruments roboRIO (P/N:	*Control the ROBOT with a roboRIO. ROBOTS must be controlled via 1 programmable NI roboRIO
R58	R616	0.465	0.302	One (1) OpenMesh Wireless Bridge (P/N: OM5P-AN or OM5P-AC), that has been configured with	*Power radio as specified - Part 1. The wireless bridge (radio) power must be supplied by 
R59	R616	0.497	0.242	The roboRIO Ethernet PORT must be connected to the Wireless Bridge PORT labeled "18-24	*Power radio as specified - Part 1. The wireless bridge (radio) power must be supplied by 
R60	R905	0.439	0.093	Communication between the ROBOT and the OPERATOR CONSOLE is restricted as follows:	*The OPERATOR CONSOLE must have a visible display. The OPERATOR CONSOLE, the set of
R61	R901	0.500	0.260	The roboRIO, Driver Station software, and Wireless Bridge must be configured to correspond	*Use the specified Driver Station Software. The Driver Station Software provided by Nation
R62	R501	0.503	0.056	All signals must originate from the OPERATOR CONSOLE and be transmitted to the ROBOT via	*Allowable motors. The only motors and actuators permitted include the following (in any
R63	R505	0.429	0.194	No form of wireless communication shall be used to communicate to, from, or within the ROB	*Control servos safely. Servos must be connected to, and only to, 1 of the following:
R64	R714	0.454	0.301	The Wireless Bridge must be mounted on the ROBOT such that the diagnostic lights are visib	controller outputs shall be directly connected to the roboRIO, with the exception of the d
R65	R809	0.390	0.233	ROBOTS must use at least one (1), but no more than two (2), diagnostic ROBOT Signal Lights	A ROBOT'S compressor may be substituted by another compressor, but a ROBOT
R66	R903	0.451	0.058	The Driver Station software, roboRIO, Power Distribution Panel, Pneumatics Control Modules	computer, tablet, etc.) to host the Driver Station Software while participating in
R67	R714	0.505	0.768	Neither 12VDC power nor relay module or motor controller outputs shall be directly connect	controller outputs shall be directly connected to the roboRIO, with the exception of the d
R68	R504	0.411	0.280	Every relay module (per R29-B), servo controller, and PWM motor controller shall be connec	*Don't overload controllers. Each power regulating device may control electrical loads per
R69	R504	0.542	0.249	If a motor is controlled via the MXP, its power regulating device must be connected by one	*Don't overload controllers. Each power regulating device may control electrical loads per
R70	R701	0.497	0.141	Each CAN motor controller must be controlled with signal inputs sourced from the roboRIO a	*Control the ROBOT with a roboRIO. ROBOTS must be controlled via 1 programmable NI roboRIO
R71	R717	0.451	0.503	Each PCM must be controlled with signal inputs sourced from the roboRIO and passed via a	connected to the built-in CAN bus on the roboRIO (either directly or daisy-chained via ano
R72	R717	0.634	0.534	The PDP CAN interface must be connected to the CAN-bus on the roboRIO (either directly or	connected to the built-in CAN bus on the roboRIO (either directly or daisy-chained via ano
R73	R714	0.536	0.170	The CAN-bus must be connected to the roboRIO CAN port.	controller outputs shall be directly connected to the roboRIO, with the exception of the d
R74	R801	0.492	0.904	To satisfy multiple constraints associated with safety, consistency, Inspection, and const	*Only use explicitly permitted pneumatic parts. To satisfy multiple constraints associated
R75	R604	0.474	0.154	All pneumatic items must be COTS pneumatic devices and either:	camera, etc.) may be used to power COTS computing devices and any peripheral COTS input or
R76	R803	0.721	0.831	All pneumatic COMPONENTS must be used in their original, unaltered condition. Exceptions a	*Don't modify pneumatics. All pneumatic COMPONENTS must be used in their original, unalter
R77	R710	0.497	0.131	The only pneumatic system items permitted on ROBOTS include the items listed below.	*Only specified modifications to control system devices permitted. The Driver Station Soft
R78	R805	0.509	0.265	If pneumatic COMPONENTS are used, the following items are required as part of the pneumati	pneumatic COMPONENT - this would cause the part to become a prohibited
R79	R806	0.497	0.358	Throughout an event, compressed air on the ROBOT must be provided by its one onboard	*Compressed air from ROBOT compressor only. Throughout an event, compressed air on the
R80	R105	0.447	0.242	Stored air pressure on the ROBOT must be no greater than 120 psi (~827 kPa). No stored air	ROBOT extension limit. ROBOTS may not extend more than 16 in. (~40 cm) beyond their FRAME
R81	R202	0.409	0.236	Working air pressure (air pressure used to actuate devices) on the ROBOT must be no greate	attachments). Traction devices include all parts of the ROBOT that are designed to transmi
R82	R813	0.453	0.334	Only the compressor, relief valve, pressure switch, pressure vent plug, pressure gauge, st	*Vent plug requirements. Any pressure vent plug must be:
R83	R810	0.644	0.524	Pressure gauges must be placed in easily visible locations upstream and downstream of the	*Pressure gauges must be visible. Pressure gauges must be placed in easily visible locatio
R84	R905	0.448	0.194	The relief valve must be attached directly to the compressor or attached by legal hard fit	*The OPERATOR CONSOLE must have a visible display. The OPERATOR CONSOLE, the set of
R85	R812	0.496	0.721	The pressure switch requirements are:	*Pressure switch requirements. The pressure switch must be connected to the high-pressure
R86	R813	0.721	0.771	Any pressure vent plug must be:	*Vent plug requirements. Any pressure vent plug must be:
R87	R606	0.381	0.385	The outputs from multiple solenoid valves must not be plumbed together.	For example, teams may not use additional batteries as extra weight on their
R88	R901	0.511	0.716	The Driver Station software provided by National Instruments (install instructions found h	*Use the specified Driver Station Software. The Driver Station Software provided by Nation
R89	R906	0.510	0.118	The OPERATOR CONSOLE, the set of COMPONENTS and MECHANISMS used by the	COMPONENTS and MECHANISMS used by the DRIVERS and/or HUMAN PLAYERS to relay
R90	R903	0.480	0.134	Devices hosting the Driver Station software must only interface with the Field Management	computer, tablet, etc.) to host the Driver Station Software while participating in
R91	R905	0.523	0.175	The OPERATOR CONSOLE must not	*The OPERATOR CONSOLE must have a visible display. The OPERATOR CONSOLE, the set of
R92	R705	0.435	0.172	Other than the system provided by the FIELD, no other form of wireless communications shal	Note that the 4 Mbit limit will be strictly enforced by the wireless bridge.
R93	R905	0.451	0.083	OPERATOR CONSOLES shall not be made using hazardous materials, be unsafe, cause an	*The OPERATOR CONSOLE must have a visible display. The OPERATOR CONSOLE, the set of
S01	G101	0.977	0.707	Dangerous ROBOTS: not allowed. ROBOTS whose operation or design is dangerous or unsafe are	*Dangerous ROBOTS: not allowed. ROBOTS whose operation or design is dangerous or unsafe
S02	H103	0.692	0.639	Wait for the green lights. Team members may only enter the FIELD if the POWER PORT LEDs ar	*Humans, stay off the FIELD until green. Team members may only enter the FIELD if the DRIV
S04	H309	0.488	0.308	ROBOTS, stay on the FIELD during the MATCH. ROBOTS and anything they control, e.g. a	Know your ROBOT setup. When placed on the FIELD for a MATCH, each ROBOT must be:
S05	H401	0.523	0.283	Humans, stay off the FIELD during the MATCH. DRIVE TEAMS may not extend any body part into	*Behind the lines. During AUTO, DRIVE TEAM members staged behind a STARTING LINE or
S06	G105	0.503	0.418	Stay out of the Chutes. DRIVE TEAMS may not extend any body part into the LOADING BAY	*Keep it together. ROBOTS may not intentionally detach or leave parts on the FIELD.
S07	H103	0.545	0.450	Stay off the SHIELD GENERATOR and CONTROL PANELS. Team members may not sit, climb, or	*Humans, stay off the FIELD until green. Team members may only enter the FIELD if the DRIV
T01	T401	1.000	0.726	Freeze, ROBOT. During the period when the ARENA is open for measurement, ROBOTS can be	*Freeze, ROBOT. During the period when the ARENA is open for measurement, ROBOTS can be
T02	T702	0.494	0.108	An ALLIANCE may not request a TIMEOUT or a BACKUP TEAM after a Playoff MATCH is stopped	*No coupons if MATCH stopped prematurely. An ALLIANCE may not request a TIMEOUT or a
T03	T701	0.537	0.202	If an ALLIANCE wishes to use their TIMEOUT, the ALLIANCE CAPTAIN must submit their TIMEOUT	*There's a window for TIMEOUT coupons. If an ALLIANCE wishes to use their TIMEOUT, the
