rule_id	2008	2010	2012	2013	2014	2015	2016	2017	2018	2019	2020	2021	2022	2023	2024	2025	2026	total
C04	0	0	0	0	0	0	0	1	0	0	0	0	0	0	0	0	0	1
C05	0	0	0	0	0	0	0	2	0	0	0	0	0	0	0	0	0	2
C07	0	0	0	0	0	0	0	1	3	0	0	0	0	0	0	0	0	4
C08	0	0	0	0	0	0	0	6	0	0	0	0	0	0	0	0	0	6
C09	0	0	0	0	0	0	0	1	0	0	0	0	0	0	0	0	0	1
C10	0	0	0	0	0	0	0	0	0	2	0	0	0	0	0	0	0	2
C12	0	0	0	0	0	0	0	5	0	0	0	0	0	0	0	0	0	5
E02	0	0	0	0	0	0	0	0	0	2	0	0	0	0	0	0	0	2
E06	0	0	0	0	0	0	0	2	0	0	0	0	0	0	0	0	0	2
E12	0	0	0	0	0	0	0	0	0	1	0	0	0	0	0	0	0	1
E15	0	0	0	0	0	0	0	0	1	0	0	0	0	0	0	0	0	1
E16	0	0	0	0	0	0	0	0	0	0	3	0	0	0	0	0	0	3
E17	0	0	0	0	0	0	0	0	0	0	1	0	0	0	0	0	0	1
E20	0	0	0	0	0	0	0	0	1	0	0	0	0	0	0	0	0	1
E28	0	0	0	0	0	0	0	0	0	1	0	0	0	0	0	0	0	1
E30	0	0	0	0	0	0	0	0	0	1	0	0	0	0	0	0	0	1
E39	0	0	0	0	0	0	0	0	0	1	0	0	0	0	0	0	0	1
E58	0	0	0	0	0	0	0	1	0	0	0	0	0	0	0	0	0	1
E102	0	0	0	0	0	0	0	0	0	0	0	0	0	0	0	0	1	1
E103	0	0	0	0	0	0	0	0	0	0	0	0	0	0	1	0	0	1
E107	0	0	0	0	0	0	0	0	0	0	0	0	0	1	0	0	0	1
E108	0	0	0	0	0	0	0	0	0	0	0	0	0	2	0	0	1	3
E109	0	0	0	0	0	0	0	0	0	0	0	0	0	0	0	1	0	1
E117	0	0	0	0	0	0	0	0	0	0	0	0	0	0	1	0	1	2
E118	0	0	0	0	0	0	0	0	0	0	0	0	0	0	0	0	1	1
E301	0	0	0	0	0	0	0	0	0	0	0	0	0	0	0	1	1	2
E303	0	0	0	0	0	0	0	0	0	0	0	0	0	0	1	0	0	1
E402	0	0	0	0	0	0	0	0	0	0	0	0	0	0	0	0	1	1
E503	0	0	0	0	0	0	0	0	0	0	0	0	0	0	0	1	0	1
E505	0	0	0	0	0	0	0	0	0	0	0	0	0	1	0	0	0	1
E602	0	0	0	0	0	0	0	0	0	0	0	0	0	1	0	0	0	1
E701	0	0	0	0	0	0	0	0	0	0	0	0	0	1	0	0	0	1
E702	0	0	0	0	0	0	0	0	0	0	0	0	0	0	0	1	0	1
G01	0	0	0	1	0	0	0	8	4	0	0	0	0	0	0	0	0	13
G02	0	0	0	1	0	0	0	11	2	0	0	0	0	0	0	0	0	14
G03	0	0	0	1	0	0	0	0	0	0	0	0	0	0	0	0	0	1
G04	0	0	0	10	0	0	0	5	0	0	0	0	0	0	0	0	0	15
G05	0	0	0	3	0	0	0	1	13	0	0	0	0	0	0	0	0	17
G06	0	0	0	3	0	0	0	4	2	0	0	0	0	0	0	0	0	9
G07	0	0	0	2	0	0	0	6	2	0	0	0	0	0	0	0	0	10
G08	0	0	0	1	0	0	0	1	3	0	0	0	0	0	0	0	0	5
G09	0	0	0	1	0	0	0	1	14	0	0	0	0	0	0	0	0	16
G10	0	0	0	2	2	7	1	2	1	6	4	0	0	0	0	0	0	25
G11	0	0	0	1	1	2	5	1	2	6	4	0	0	0	0	0	0	22
G12	0	0	0	1	17	1	4	0	2	5	3	0	0	0	0	0	0	33
G13	0	0	0	1	0	5	1	2	1	5	0	0	0	0	0	0	0	15
G14	0	0	0	5	3	1	5	1	0	4	1	0	0	0	0	0	0	20
G15	0	0	0	1	4	0	2	8	0	10	3	0	0	0	0	0	0	28
G16	0	0	0	2	3	9	1	0	4	4	1	0	0	0	0	0	0	24
G17	0	0	0	1	5	4	1	3	4	2	3	0	0	0	0	0	0	23
G18	0	0	0	6	0	10	3	0	1	2	5	0	0	0	0	0	0	27
G19	0	0	0	1	0	3	4	0	12	3	0	0	0	0	0	0	0	23
G20	0	0	0	1	2	0	5	6	2	10	0	0	0	0	0	0	0	26
G21	0	0	0	2	1	2	8	6	1	2	1	0	0	0	0	0	0	23
G22	0	0	0	3	2	3	0	1	21	0	1	0	0	0	0	0	0	31
G23	0	0	0	12	5	1	0	7	4	15	0	0	0	1	0	0	0	45
G24	0	0	0	2	4	4	2	5	5	3	0	0	0	0	0	0	0	25
G25	0	0	0	1	1	3	4	1	6	0	1	0	0	0	0	0	0	17
G26	0	0	0	1	1	1	1	1	0	0	9	2	0	0	0	0	0	16
G27	0	0	0	2	3	13	2	14	0	0	0	0	0	0	0	0	0	34
G28	0	0	0	2	6	0	3	7	0	0	0	0	0	0	0	0	0	18
G29	0	0	0	1	8	0	4	0	0	0	0	0	0	0	0	0	0	13
G30	0	0	0	13	0	2	0	0	0	0	0	0	0	0	0	0	0	15
G31	0	0	0	1	0	0	2	0	0	0	0	0	0	0	0	0	0	3
G32	0	0	0	1	1	0	0	0	0	0	0	0	0	0	0	0	0	2
G33	0	0	0	2	0	3	2	0	0	0	0	0	0	0	0	0	0	7
G34	0	0	0	1	1	0	3	0	0	0	0	0	0	0	0	0	0	5
G35	0	0	0	1	1	0	2	0	0	0	0	0	0	0	0	0	0	4
G36	0	0	0	1	1	0	0	0	0	0	0	0	0	0	0	0	0	2
G37	0	0	0	2	0	0	2	0	0	0	0	0	0	0	0	0	0	4
G38	0	0	0	1	2	0	9	0	0	0	0	0	0	0	0	0	0	12
G39	0	0	0	0	1	0	7	0	0	0	0	0	0	0	0	0	0	8
G40	0	0	0	0	2	0	11	0	0	0	0	0	0	0	0	0	0	13
G41	0	0	0	0	0	0	5	0	0	0	0	0	0	0	0	0	0	5
G42	0	0	0	0	0	0	4	0	0	0	0	0	0	0	0	0	0	4
G43	0	0	0	0	0	0	8	0	0	0	0	0	0	0	0	0	0	8
G101	0	0	0	0	0	0	0	0	0	0	0	0	3	2	1	2	1	9
G102	0	0	0	0	0	0	0	0	0	0	0	0	1	6	0	0	2	9
G103	0	0	0	0	0	0	0	0	0	0	0	0	5	1	0	0	0	6
G104	0	0	0	0	0	0	0	0	0	0	0	0	0	1	0	1	0	2
G105	0	0	0	0	0	0	0	0	0	0	0	0	0	1	0	0	0	1
G106	0	0	0	0	0	0	0	0	0	0	0	0	7	3	0	0	0	10
G107	0	0	0	0	0	0	0	0	0	0	0	0	5	3	0	0	0	8
G108	0	0	0	0	0	0	0	0	0	0	0	0	1	2	0	0	0	3
G109	0	0	0	0	0	0	0	0	0	0	0	0	0	16	0	0	0	16
G201	0	0	0	0	0	0	0	0	0	0	0	0	3	7	0	0	0	10
G203	0	0	0	0	0	0	0	0	0	0	0	0	3	2	3	0	0	8
G204	0	0	0	0	0	0	0	0	0	0	0	0	5	0	2	0	0	7
G205	0	0	0	0	0	0	0	0	0	0	0	0	4	3	2	0	0	9
G206	0	0	0	0	0	0	0	0	0	0	0	0	1	4	2	0	0	7
G207	0	0	0	0	0	0	0	0	0	0	0	0	2	6	1	0	1	10
G208	0	0	0	0	0	0	0	0	0	0	0	0	1	0	0	0	0	1
G209	0	0	0	0	0	0	0	0	0	0	0	0	1	0	0	0	0	1
G210	0	0	0	0	0	0	0	0	0	0	0	0	2	0	0	7	5	14
G211	0	0	0	0	0	0	0	0	0	0	0	0	0	0	5	9	12	26
G212	0	0	0	0	0	0	0	0	0	0	0	0	0	0	9	0	0	9
G301	0	0	0	0	0	0	0	0	0	0	0	0	7	14	1	0	2	24
G302	0	0	0	0	0	0	0	0	0	0	0	0	1	3	3	3	4	14
G303	0	0	0	0	0	0	0	0	0	0	0	0	1	1	0	2	2	6
G304	0	0	0	0	0	0	0	0	0	0	0	0	0	1	0	0	0	1
G306	0	0	0	0	0	0	0	0	0	0	0	0	0	1	0	0	0	1
G401	0	0	0	0	0	0	0	0	0	0	0	0	3	0	2	5	3	13
G402	0	0	0	0	0	0	0	0	0	0	0	0	0	1	1	5	1	8
G403	0	0	0	0	0	0	0	0	0	0	0	0	5	3	7	0	4	19
G404	0	0	0	0	0	0	0	0	0	0	0	0	3	1	1	2	3	10
G405	0	0	0	0	0	0	0	0	0	0	0	0	3	1	5	1	0	10
G406	0	0	0	0	0	0	0	0	0	0	0	0	0	0	5	9	1	15
G407	0	0	0	0	0	0	0	0	0	0	0	0	0	0	1	2	5	8
G408	0	0	0	0	0	0	0	0	0	0	0	0	0	0	4	2	1	7
G409	0	0	0	0	0	0	0	0	0	0	0	0	0	0	6	13	1	20
G410	0	0	0	0	0	0	0	0	0	0	0	0	0	0	1	4	0	5
G411	0	0	0	0	0	0	0	0	0	0	0	0	0	0	6	4	2	12
G412	0	0	0	0	0	0	0	0	0	0	0	0	0	0	0	7	2	9
G413	0	0	0	0	0	0	0	0	0	0	0	0	0	0	6	5	11	22
G414	0	0	0	0	0	0	0	0	0	0	0	0	0	0	4	3	1	8
G415	0	0	0	0	0	0	0	0	0	0	0	0	0	0	4	1	12	17
G416	0	0	0	0	0	0	0	0	0	0	0	0	0	0	4	1	18	23
G417	0	0	0	0	0	0	0	0	0	0	0	0	0	0	0	0	3	3
G418	0	0	0	0	0	0	0	0	0	0	0	0	0	0	0	4	8	12
G419	0	0	0	0	0	0	0	0	0	0	0	0	0	0	0	9	5	14
G420	0	0	0	0	0	0	0	0	0	0	0	0	0	0	0	7	3	10
G421	0	0	0	0	0	0	0	0	0	0	0	0	0	0	2	2	3	7
G422	0	0	0	0	0	0	0	0	0	0	0	0	0	0	2	0	2	4
G423	0	0	0	0	0	0	0	0	0	0	0	0	0	0	0	0	1	1
G424	0	0	0	0	0	0	0	0	0	0	0	0	0	0	5	0	1	6
G425	0	0	0	0	0	0	0	0	0	0	0	0	0	0	5	1	6	12
G427	0	0	0	0	0	0	0	0	0	0	0	0	0	0	1	1	4	6
G428	0	0	0	0	0	0	0	0	0	0	0	0	0	0	2	2	0	4
G429	0	0	0	0	0	0	0	0	0	0	0	0	0	0	2	3	0	5
G430	0	0	0	0	0	0	0	0	0	0	0	0	0	0	5	2	0	7
G431	0	0	0	0	0	0	0	0	0	0	0	0	0	0	0	1	0	1
G432	0	0	0	0	0	0	0	0	0	0	0	0	0	0	0	3	0	3
G433	0	0	0	0	0	0	0	0	0	0	0	0	0	0	0	2	0	2
G435	0	0	0	0	0	0	0	0	0	0	0	0	0	0	0	6	0	6
G501	0	0	0	0	0	0	0	0	0	0	0	0	0	0	0	2	1	3
H01	0	0	0	0	0	0	0	1	0	0	0	0	0	0	0	0	0	1
H02	0	0	0	0	0	0	0	2	1	0	0	0	0	0	0	0	0	3
H05	0	0	0	0	0	0	0	1	1	0	0	0	0	0	0	0	0	2
H07	0	0	0	0	0	0	0	4	10	0	0	0	0	0	0	0	0	14
H08	0	0	0	0	0	0	0	2	0	0	0	0	0	0	0	0	0	2
H10	0	0	0	0	0	0	0	2	0	4	10	0	0	0	0	0	0	16
H11	0	0	0	0	0	0	0	5	0	0	0	0	0	0	0	0	0	5
H12	0	0	0	0	0	0	0	11	0	0	0	0	0	0	0	0	0	11
H13	0	0	0	0	0	0	0	0	0	1	0	0	0	0	0	0	0	1
H14	0	0	0	0	0	0	0	0	4	1	0	0	0	0	0	0	0	5
H15	0	0	0	0	0	0	0	1	0	1	0	0	0	0	0	0	0	2
H101	0	0	0	0	0	0	0	0	0	0	0	0	3	0	0	0	0	3
H102	0	0	0	0	0	0	0	0	0	0	0	0	0	1	0	0	0	1
H103	0	0	0	0	0	0	0	0	0	0	0	0	0	2	0	0	0	2
H104	0	0	0	0	0	0	0	0	0	0	0	0	0	2	0	0	0	2
H105	0	0	0	0	0	0	0	0	0	0	0	0	0	2	0	0	0	2
H106	0	0	0	0	0	0	0	0	0	0	0	0	0	2	0	0	0	2
H107	0	0	0	0	0	0	0	0	0	0	0	0	0	2	0	0	0	2
H109	0	0	0	0	0	0	0	0	0	0	0	0	0	1	0	0	0	1
H202	0	0	0	0	0	0	0	0	0	0	0	0	1	0	0	0	0	1
H301	0	0	0	0	0	0	0	0	0	0	0	0	4	4	0	0	0	8
H302	0	0	0	0	0	0	0	0	0	0	0	0	1	0	0	0	0	1
H303	0	0	0	0	0	0	0	0	0	0	0	0	2	10	0	0	0	12
H305	0	0	0	0	0	0	0	0	0	0	0	0	1	0	0	0	0	1
H307	0	0	0	0	0	0	0	0	0	0	0	0	1	0	0	0	0	1
H309	0	0	0	0	0	0	0	0	0	0	0	0	1	2	0	0	0	3
H310	0	0	0	0	0	0	0	0	0	0	0	0	3	0	0	0	0	3
H311	0	0	0	0	0	0	0	0	0	0	0	0	1	0	0	0	0	1
H401	0	0	0	0	0	0	0	0	0	0	0	0	2	0	0	0	0	2
H402	0	0	0	0	0	0	0	0	0	0	0	0	0	2	0	0	0	2
H403	0	0	0	0	0	0	0	0	0	0	0	0	1	0	0	0	0	1
H404	0	0	0	0	0	0	0	0	0	0	0	0	5	0	0	0	0	5
H501	0	0	0	0	0	0	0	0	0	0	0	0	0	2	0	0	0	2
H502	0	0	0	0	0	0	0	0	0	0	0	0	1	0	0	0	0	1
H504	0	0	0	0	0	0	0	0	0	0	0	0	5	0	0	0	0	5
H505	0	0	0	0	0	0	0	0	0	0	0	0	0	3	0	0	0	3
H506	0	0	0	0	0	0	0	0	0	0	0	0	1	3	0	0	0	4
I01	0	0	0	0	0	0	0	1	0	0	0	0	0	0	1	0	0	2
I02	0	0	0	0	0	0	0	1	0	0	0	0	0	0	0	0	0	1
I03	0	0	0	0	0	0	0	0	2	0	0	0	0	0	0	0	0	2
I04	0	0	0	0	0	0	0	79	1	0	0	0	0	0	0	0	0	80
I05	0	0	0	0	0	0	0	1	0	0	0	0	0	0	0	0	0	1
I06	0	0	0	0	0	0	0	2	0	0	0	0	0	0	0	0	0	2
I07	0	0	0	0	0	0	0	2	0	0	0	0	0	0	0	0	0	2
I101	0	0	0	0	0	0	0	0	0	0	0	0	1	0	1	1	0	3
I103	0	0	0	0	0	0	0	0	0	0	0	0	0	2	0	2	1	5
I104	0	0	0	0	0	0	0	0	0	0	0	0	0	2	0	0	0	2
R01	0	0	0	1	0	0	0	7	10	0	0	0	0	0	0	0	0	18
R02	0	0	0	3	0	0	0	10	5	0	0	0	0	0	0	0	0	18
R03	0	0	0	3	0	0	0	13	13	0	0	0	0	0	0	0	0	29
R04	0	0	0	1	0	0	0	0	7	0	0	0	0	0	0	0	0	8
R05	0	0	0	1	0	0	0	1	1	0	0	0	0	0	0	0	0	3
R06	0	0	0	2	0	0	0	3	0	0	0	0	0	0	0	0	0	5
R07	0	0	0	2	0	0	0	4	0	0	0	0	0	0	0	0	0	6
R08	0	0	0	4	2	0	0	5	5	0	0	0	0	0	0	0	0	16
R09	0	0	0	1	0	0	0	2	0	0	0	0	0	0	0	0	0	3
R10	0	0	0	3	1	2	3	6	2	0	4	0	0	0	0	0	0	21
R11	0	0	0	1	1	1	3	1	3	2	9	0	0	0	0	0	0	21
R12	0	0	0	1	1	1	2	3	2	6	3	0	0	0	0	0	0	19
R13	0	0	0	1	2	0	2	2	3	3	8	0	0	0	0	0	0	21
R14	0	0	0	1	1	2	0	0	1	7	2	0	0	0	0	0	0	14
R15	0	0	0	1	1	0	2	6	0	7	0	0	0	0	0	0	0	17
R16	0	0	0	1	0	0	2	0	0	1	1	0	0	0	0	0	0	5
R17	0	0	0	1	0	3	0	0	0	5	3	0	0	0	0	0	0	12
R18	0	0	0	1	7	12	7	8	0	0	3	2	0	0	0	0	0	40
R19	0	0	0	1	5	3	12	5	3	0	0	0	0	0	0	0	0	29
R20	0	0	0	1	0	3	2	1	1	8	0	0	0	0	0	0	0	16
R21	0	0	0	3	14	1	17	7	0	3	5	1	1	0	0	0	0	52
R22	0	0	0	3	2	0	12	10	1	0	2	1	0	0	0	0	0	31
R23	0	0	0	1	1	0	0	11	7	3	2	0	0	0	0	0	0	25
R24	0	0	0	3	0	2	2	0	15	7	11	0	0	0	0	0	0	40
R25	0	0	0	1	0	1	0	1	0	12	0	0	0	0	0	0	0	15
R26	0	0	0	2	8	0	3	6	1	6	4	0	0	0	0	0	0	30
R27	0	0	0	2	4	0	3	9	6	0	3	0	0	0	0	0	0	27
R28	0	0	0	1	4	0	3	2	4	3	6	0	0	0	0	0	0	23
R29	0	0	0	3	14	0	12	23	4	1	1	1	0	0	0	0	0	59
R30	0	0	0	1	2	0	4	1	15	4	5	0	0	0	0	0	0	32
R31	0	0	0	1	3	0	3	13	4	9	1	0	0	0	0	0	0	34
R32	0	0	0	14	0	0	0	15	6	1	0	0	0	0	0	0	0	36
R33	0	0	0	3	0	0	0	2	16	3	1	0	0	0	0	0	0	25
R34	0	0	0	2	4	0	0	3	2	14	0	0	0	0	0	0	0	25
R35	0	0	0	1	1	0	2	4	2	5	0	0	0	0	0	0	0	15
R36	0	0	0	1	2	0	2	2	4	1	0	0	0	0	0	0	0	12
R37	0	0	0	1	0	3	0	7	2	4	0	0	0	0	0	0	0	17
R38	0	0	0	1	0	1	1	1	0	0	0	0	0	0	0	0	0	4
R39	0	0	0	1	1	1	0	0	1	1	2	0	0	0	0	0	0	7
R40	0	0	0	1	0	1	0	0	0	0	0	1	0	0	0	0	0	3
R41	0	0	0	1	0	2	0	0	0	0	0	0	0	0	0	0	0	3
R42	0	0	0	1	0	2	1	0	0	0	0	0	0	0	0	0	0	4
R43	0	0	0	1	1	1	0	2	0	0	0	0	0	0	0	0	0	5
R44	0	0	0	1	1	1	0	1	0	0	1	0	0	0	0	0	0	5
R45	0	0	0	1	1	2	1	0	3	2	0	0	0	0	0	0	0	10
R46	0	0	0	1	0	1	1	0	0	3	0	0	0	0	0	0	0	6
R47	0	0	0	1	1	0	0	2	0	0	1	0	0	0	0	0	0	5
R48	0	0	0	1	0	1	3	1	0	1	2	0	0	0	0	0	0	9
R49	0	0	0	1	1	0	1	2	0	1	3	0	0	0	0	0	0	9
R50	0	0	0	1	0	0	0	0	0	0	0	0	0	0	0	0	0	1
R51	0	0	0	1	1	1	0	1	1	0	0	0	0	0	0	0	0	5
R52	0	0	0	4	1	2	4	0	0	0	8	1	0	0	0	0	0	20
R53	0	0	0	1	3	0	4	0	1	0	0	0	0	0	0	0	0	9
R54	0	0	0	2	2	0	3	0	0	3	1	0	0	0	0	0	0	11
R55	0	0	0	1	0	4	2	0	0	1	1	0	0	0	0	0	0	9
R56	0	0	0	1	0	0	0	0	0	2	0	1	0	0	0	0	0	4
R57	0	0	0	1	0	1	4	2	0	0	1	0	0	0	0	0	0	9
R58	0	0	0	1	2	2	0	1	1	0	0	0	0	0	0	0	0	7
R59	0	0	0	1	0	0	1	0	5	1	1	0	0	0	0	0	0	9
R60	0	0	0	1	0	0	3	1	0	5	0	0	0	0	0	0	0	10
R61	0	0	0	1	0	0	1	2	1	1	0	0	0	0	0	0	0	6
R62	0	0	0	1	1	1	1	0	1	3	0	0	0	0	0	0	0	8
R63	0	0	0	1	1	0	4	2	1	1	0	1	0	0	0	0	0	11
R64	0	0	0	1	0	3	1	0	0	0	1	0	0	0	0	0	0	6
R65	0	0	0	2	0	1	1	0	0	0	0	0	0	0	0	0	0	4
R66	0	0	0	1	0	10	1	0	0	0	0	0	0	0	0	0	0	12
R67	0	0	0	2	0	1	0	0	0	1	0	0	0	0	0	0	0	4
R68	0	0	0	1	0	1	2	2	0	0	4	0	0	0	0	0	0	10
R69	0	0	0	1	0	2	0	0	1	0	3	0	0	0	0	0	0	7
R70	0	0	0	2	0	1	1	0	0	0	2	0	0	0	0	0	0	6
R71	0	0	0	1	0	1	0	1	0	0	1	0	0	0	0	0	0	4
R72	0	0	0	2	1	0	0	0	0	0	0	0	0	0	0	0	0	3
R73	0	0	0	1	0	0	0	2	0	5	2	0	0	0	0	0	0	10
R74	0	0	0	2	0	0	0	0	3	0	0	0	0	0	0	0	0	5
R75	0	0	0	1	2	1	2	0	1	0	5	0	0	0	0	0	0	12
R76	0	0	0	1	2	0	2	0	0	0	2	0	0	0	0	0	0	7
R77	0	0	0	1	17	1	11	2	0	0	7	0	0	0	0	0	0	39
R78	0	0	0	3	1	3	2	0	0	0	0	0	0	0	0	0	0	9
R79	0	0	0	1	1	1	5	0	1	0	2	0	0	0	0	0	0	11
R80	0	0	0	1	0	0	3	1	0	0	1	0	0	0	0	0	0	6
R81	0	0	0	1	0	0	1	1	1	1	0	0	0	0	0	0	0	5
R82	0	0	0	3	1	1	1	6	3	1	1	0	0	0	0	0	0	17
R83	0	0	0	1	2	1	2	0	12	6	0	0	0	0	0	0	0	24
R84	0	0	0	1	0	0	0	2	1	21	0	0	0	0	0	0	0	25
R85	0	0	0	1	2	0	1	2	3	4	0	0	0	0	0	0	0	13
R86	0	0	0	1	0	0	1	1	1	8	3	0	0	0	0	0	0	15
R086	0	0	0	0	0	0	0	0	0	0	0	0	0	1	0	0	0	1
R87	0	0	0	1	2	0	2	1	1	2	1	0	0	0	0	0	0	10
R88	0	0	0	3	0	0	1	0	2	2	1	0	0	0	0	0	0	9
R89	0	0	0	1	3	0	2	0	0	2	0	0	0	0	0	0	0	8
R90	0	0	0	2	3	0	0	1	1	0	0	0	0	0	0	0	0	7
R91	0	0	0	1	1	0	0	1	1	0	0	0	0	0	0	0	0	4
R92	0	0	0	1	0	0	0	0	0	0	0	0	0	0	0	0	0	1
R93	0	0	0	2	0	0	1	1	1	2	0	0	0	0	0	0	0	7
R94	0	0	0	2	0	0	1	1	1	2	0	0	0	0	0	0	0	7
R95	0	0	0	0	0	0	0	1	3	0	0	0	0	0	0	0	0	4
R96	0	0	0	0	0	0	0	0	3	0	0	0	0	0	0	0	0	3
R98	0	0	0	0	0	0	0	0	2	2	0	0	0	0	0	0	0	4
R99	0	0	0	0	0	0	0	2	0	1	0	0	0	0	0	0	0	3
R100	0	0	0	0	0	0	0	0	4	2	0	0	0	0	0	0	0	6
R101	0	0	0	0	0	0	0	0	2	0	0	0	3	4	5	4	6	24
R102	0	0	0	0	0	0	0	0	0	0	0	0	2	2	0	1	3	8
R103	0	0	0	0	0	0	0	0	0	0	0	0	0	2	0	3	0	5
R104	0	0	0	0	0	0	0	0	0	0	0	0	2	3	0	1	2	8
R105	0	0	0	0	0	0	0	0	0	0	0	0	3	3	1	2	4	13
R106	0	0	0	0	0	0	0	0	0	0	0	0	0	0	0	0	12	12
R107	0	0	0	0	0	0	0	0	0	0	0	0	0	0	0	0	3	3
R108	0	0	0	0	0	0	0	0	0	0	0	0	0	0	0	0	1	1
R201	0	0	0	0	0	0	0	0	0	0	0	0	1	0	2	0	0	3
R202	0	0	0	0	0	0	0	0	0	0	0	0	1	1	0	0	0	2
R203	0	0	0	0	0	0	0	0	0	0	0	0	2	5	5	4	3	19
R204	0	0	0	0	0	0	0	0	0	0	0	0	0	0	0	1	0	1
R205	0	0	0	0	0	0	0	0	0	0	0	0	1	0	0	2	3	6
R206	0	0	0	0	0	0	0	0	0	0	0	0	0	1	0	1	0	2
R301	0	0	0	0	0	0	0	0	0	0	0	0	1	1	0	1	1	4
R302	0	0	0	0	0	0	0	0	0	0	0	0	0	1	0	0	0	1
R303	0	0	0	0	0	0	0	0	0	0	0	0	0	1	0	1	0	2
R304	0	0	0	0	0	0	0	0	0	0	0	0	0	1	0	0	0	1
R401	0	0	0	0	0	0	0	0	0	0	0	0	1	6	8	2	12	29
R402	0	0	0	0	0	0	0	0	0	0	0	0	4	9	3	9	16	41
R403	0	0	0	0	0	0	0	0	0	0	0	0	1	0	0	2	3	6
R404	0	0	0	0	0	0	0	0	0	0	0	0	0	0	2	8	9	19
R405	0	0	0	0	0	0	0	0	0	0	0	0	1	4	1	10	8	24
R406	0	0	0	0	0	0	0	0	0	0	0	0	0	4	1	2	4	11
R407	0	0	0	0	0	0	0	0	0	0	0	0	1	0	1	4	4	10
R408	0	0	0	0	0	0	0	0	0	0	0	0	5	16	13	3	0	37
R409	0	0	0	0	0	0	0	0	0	0	0	0	1	0	6	1	5	13
R410	0	0	0	0	0	0	0	0	0	0	0	0	4	2	4	0	0	10
R411	0	0	0	0	0	0	0	0	0	0	0	0	0	0	0	6	3	9
R412	0	0	0	0	0	0	0	0	0	0	0	0	0	0	0	1	4	5
R501	0	0	0	0	0	0	0	0	0	0	0	0	3	9	5	1	3	21
R502	0	0	0	0	0	0	0	0	0	0	0	0	3	2	0	0	0	5
R503	0	0	0	0	0	0	0	0	0	0	0	0	1	5	0	0	0	6
R504	0	0	0	0	0	0	0	0	0	0	0	0	3	2	1	1	3	10
R505	0	0	0	0	0	0	0	0	0	0	0	0	1	2	0	0	3	6
R506	0	0	0	0	0	0	0	0	0	0	0	0	0	0	1	1	2	4
R601	0	0	0	0	0	0	0	0	0	0	0	0	0	2	2	3	2	9
R602	0	0	0	0	0	0	0	0	0	0	0	0	1	2	5	1	2	11
R605	0	0	0	0	0	0	0	0	0	0	0	0	0	1	0	0	0	1
R606	0	0	0	0	0	0	0	0	0	0	0	0	1	3	0	0	1	5
R608	0	0	0	0	0	0	0	0	0	0	0	0	2	0	2	0	0	4
R609	0	0	0	0	0	0	0	0	0	0	0	0	1	3	1	2	1	8
R610	0	0	0	0	0	0	0	0	0	0	0	0	0	2	0	1	0	3
R611	0	0	0	0	0	0	0	0	0	0	0	0	0	1	2	0	2	5
R612	0	0	0	0	0	0	0	0	0	0	0	0	1	1	0	0	1	3
R613	0	0	0	0	0	0	0	0	0	0	0	0	0	2	0	0	0	2
R614	0	0	0	0	0	0	0	0	0	0	0	0	1	1	1	0	0	3
R615	0	0	0	0	0	0	0	0	0	0	0	0	0	0	0	1	3	4
R616	0	0	0	0	0	0	0	0	0	0	0	0	3	1	0	1	1	6
R617	0	0	0	0	0	0	0	0	0	0	0	0	5	1	0	4	2	12
R618	0	0	0	0	0	0	0	0	0	0	0	0	1	0	0	1	4	6
R619	0	0	0	0	0	0	0	0	0	0	0	0	1	0	1	0	0	2
R620	0	0	0	0	0	0	0	0	0	0	0	0	0	0	1	1	0	2
R621	0	0	0	0	0	0	0	0	0	0	0	0	0	2	3	4	1	10
R622	0	0	0	0	0	0	0	0	0	0	0	0	1	0	2	2	0	5
R623	0	0	0	0	0	0	0	0	0	0	0	0	1	2	3	0	2	8
R624	0	0	0	0	0	0	0	0	0	0	0	0	1	2	0	0	0	3
R625	0	0	0	0	0	0	0	0	0	0	0	0	2	1	4	0	1	8
R626	0	0	0	0	0	0	0	0	0	0	0	0	0	0	0	1	0	1
R701	0	0	0	0	0	0	0	0	0	0	0	0	0	1	1	0	1	3
R702	0	0	0	0	0	0	0	0	0	0	0	0	1	1	0	0	1	3
R703	0	0	0	0	0	0	0	0	0	0	0	0	0	0	0	4	1	5
R704	0	0	0	0	0	0	0	0	0	0	0	0	0	0	0	0	1	1
R706	0	0	0	0	0	0	0	0	0	0	0	0	0	0	0	0	1	1
R707	0	0	0	0	0	0	0	0	0	0	0	0	0	2	1	1	1	5
R709	0	0	0	0	0	0	0	0	0	0	0	0	0	1	0	1	1	3
R710	0	0	0	0	0	0	0	0	0	0	0	0	3	4	4	1	1	13
R712	0	0	0	0	0	0	0	0	0	0	0	0	0	0	0	1	0	1
R714	0	0	0	0	0	0	0	0	0	0	0	0	0	0	0	0	1	1
R715	0	0	0	0	0	0	0	0	0	0	0	0	0	0	0	0	1	1
R803	0	0	0	0	0	0	0	0	0	0	0	0	1	1	0	0	0	2
R804	0	0	0	0	0	0	0	0	0	0	0	0	2	2	0	0	0	4
R805	0	0	0	0	0	0	0	0	0	0	0	0	0	1	1	0	0	2
R806	0	0	0	0	0	0	0	0	0	0	0	0	2	2	1	0	0	5
R807	0	0	0	0	0	0	0	0	0	0	0	0	2	1	0	0	0	3
R808	0	0	0	0	0	0	0	0	0	0	0	0	0	1	0	1	0	2
R811	0	0	0	0	0	0	0	0	0	0	0	0	1	0	0	0	0	1
R813	0	0	0	0	0	0	0	0	0	0	0	0	1	1	1	0	0	3
R814	0	0	0	0	0	0	0	0	0	0	0	0	0	5	0	0	0	5
R902	0	0	0	0	0	0	0	0	0	0	0	0	1	1	0	0	0	2
R903	0	0	0	0	0	0	0	0	0	0	0	0	0	1	0	0	0	1
R904	0	0	0	0	0	0	0	0	0	0	0	0	1	1	0	0	2	4
R905	0	0	0	0	0	0	0	0	0	0	0	0	0	0	0	1	1	2
S01	0	0	0	0	0	0	0	2	3	0	0	0	0	0	0	0	0	5
S03	0	0	0	0	0	0	0	1	0	0	0	0	0	0	0	0	0	1
S04	0	0	0	0	0	0	0	2	1	0	0	0	0	0	0	0	0	3
S05	0	0	0	0	0	0	0	1	2	0	0	0	0	0	0	0	0	3
S06	0	0	0	0	0	0	0	0	2	0	0	0	0	0	0	0	0	2
S07	0	0	0	0	0	0	0	5	0	0	0	0	0	0	0	0	0	5
S08	0	0	0	0	0	0	0	1	0	0	0	0	0	0	0	0	0	1
S12	0	0	0	0	0	0	0	2	0	0	0	0	0	0	0	0	0	2
T01	0	0	0	1	0	0	0	0	0	0	0	0	0	0	0	0	0	1
T02	0	0	0	1	0	0	0	0	0	0	0	0	0	0	0	0	0	1
T03	0	0	0	1	0	0	0	2	1	0	0	0	0	0	0	0	0	4
T04	0	0	0	1	0	0	0	0	0	0	0	0	0	0	0	0	0	1
T05	0	0	0	1	0	0	0	0	0	0	0	0	0	0	0	0	0	1
T06	0	0	0	1	0	0	0	0	0	0	0	0	0	0	0	0	0	1
T07	0	0	0	1	0	0	0	0	0	0	0	0	0	0	0	0	0	1
T08	0	0	0	1	0	0	0	0	0	0	0	0	0	0	0	0	0	1
T09	0	0	0	1	0	0	0	0	0	0	0	0	0	0	0	0	0	1
T10	0	0	0	1	1	3	0	0	0	0	0	0	0	0	0	0	0	5
T11	0	0	0	1	0	3	2	0	0	0	0	0	0	0	0	0	0	6
T12	0	0	0	1	0	0	0	0	0	0	0	0	0	0	1	0	0	2
T13	0	0	0	1	1	0	0	0	0	0	0	0	0	0	0	0	0	2
T14	0	0	0	1	0	0	0	0	0	0	0	0	0	0	0	0	0	1
T15	0	0	0	1	0	0	1	0	0	0	0	0	0	0	0	0	0	2
T16	0	0	0	1	1	0	0	0	0	0	0	0	0	0	0	0	0	2
T17	0	0	0	1	0	0	0	0	0	0	0	0	0	0	0	0	0	1
T18	0	0	0	1	0	0	1	0	0	0	0	0	0	0	0	0	0	2
T19	0	0	0	1	0	0	0	1	0	0	0	0	0	0	0	0	0	2
T20	0	0	0	1	0	0	0	0	0	0	0	0	0	0	0	0	0	1
T21	0	0	0	1	0	4	1	0	0	0	0	0	0	0	0	0	0	6
T22	0	0	0	2	4	0	0	0	0	0	0	0	0	0	0	0	0	6
T26	0	0	0	0	0	0	7	0	0	0	0	0	0	0	0	0	0	7
T31	0	0	0	0	0	0	1	0	0	0	0	0	0	0	0	0	0	1
T401	0	0	0	0	0	0	0	0	0	0	0	0	0	4	0	0	0	4
T602	0	0	0	0	0	0	0	0	0	0	0	0	0	0	0	2	0	2
T604	0	0	0	0	0	0	0	0	0	0	0	0	0	0	1	0	0	1
T605	0	0	0	0	0	0	0	0	0	0	0	0	0	0	0	2	1	3
T606	0	0	0	0	0	0	0	0	0	0	0	0	0	0	0	0	1	1
