rule_id	min_stmt_sim	mean_stmt_sim	firstlast_body_sim	2024->2025	2025->2026	headline
R408	0.054	0.519	0.057	0.054	0.984	R408*Weight limit with BUMPERS
T608	0.063	0.532	0.087	0.063	1.000	No BACKUP TEAMS for 1st MATCH
G418	0.089	0.127	0.263	0.166	0.089	G418*There’s a 3-count on PINS
G420	0.090	0.243	0.180	0.090	0.397	G420TOWER protection
E802	0.091	0.545	0.091	0.091	1.000	Pit person limit during Ceremonies is 5
T605	0.093	0.546	0.136	0.093	1.000	T605*Picks are time limited
R402	0.096	0.459	0.075	0.096	0.821	R402*BUMPER construction
G427	0.097	0.166	0.209	0.236	0.097	G427The OUTPOST has a storage limit
E703	0.098	0.549	0.098	0.098	1.000	Carts can’t park anywhere
G411	0.119	0.345	0.133	0.119	0.571	G411Don’t damage the FIELD
R302	0.120	0.560	0.300	0.120	1.000	R302*MAJOR MECHANISM, from this year only
G425	0.133	0.176	0.163	0.133	0.218	G425*SCORING ELEMENT delivery
E509	0.135	0.225	0.540	0.315	0.135	Secure team identification assets
E110	0.146	0.573	0.146	0.146	1.000	Don’t sell stuff
T610	0.148	0.574	0.180	0.148	1.000	T610*BACKUP TEAMS due 2 minutes before the MATCH start time
E114	0.159	0.580	0.194	0.159	1.000	Limit flag and flagpole size
G408	0.168	0.220	0.192	0.273	0.168	G408Don’t catch FUEL
G416	0.171	0.294	0.270	0.171	0.417	G416*This isn’t combat robotics
G210	0.182	0.591	0.126	0.182	1.000	G210*Don’t expect to gain by doing others harm
T602	0.184	0.592	0.172	0.184	1.000	T602*STUDENTS must outnumber adults
E702	0.196	0.572	0.171	0.196	0.947	Carts shouldn’t be too big
E701	0.197	0.598	0.197	0.197	1.000	Carts must be safe and easy to use
G421	0.197	0.221	0.141	0.197	0.245	G421*No wandering
G414	0.200	0.239	0.328	0.279	0.200	G414Don’t Climb on each other
E117	0.205	0.537	0.198	0.869	0.205	Do not record anyone at the event without their consent
E604	0.206	0.575	0.276	0.206	0.944	Give ROBOTS space
G424	0.206	0.344	0.251	0.206	0.483	G424*Humans: use SCORING ELEMENTS as directed
E115	0.206	0.603	0.183	0.206	1.000	No firearms
E602	0.213	0.590	0.161	0.213	0.967	Practice only when/where permitted
E108	0.218	0.543	0.254	0.218	0.868	Some things don’t belong at events
T603	0.220	0.610	0.296	0.220	1.000	T603*Only STUDENTS may use the mic
G412	0.223	0.281	0.129	0.338	0.223	G412Watch your FIELD interaction
R906	0.235	0.618	0.235	0.235	1.000	R906*No unsafe OPERATOR CONSOLES
G212	0.237	0.618	0.165	0.237	1.000	G212*All teams can play
G415	0.241	0.262	0.195	0.241	0.283	G415*Stay out of other ROBOTS
E606	0.244	0.611	0.251	0.244	0.978	Be safe
E801	0.246	0.620	0.224	0.246	0.994	If in the pits during Ceremonies, shhhhhh
E109	0.250	0.625	0.250	0.250	1.000	Don’t arrange for additional utilities
R410	0.252	0.626	0.226	0.252	1.000	R410*BUMPERS must come off
T606	0.252	0.626	0.256	0.252	1.000	T606*Declining teams can’t be picked
G409	0.260	0.312	0.304	0.364	0.260	G409*ROBOTS must be safe
R406	0.260	0.623	0.178	0.260	0.987	R406*Fill BUMPER corners
T609	0.263	0.631	0.267	0.263	1.000	BACKUP TEAMS play when called
E601	0.264	0.591	0.335	0.264	0.918	Inspection for TEST & PRACTICE AREAS
E113	0.269	0.633	0.175	0.269	0.996	Hang banners with care
G413	0.270	0.282	0.377	0.270	0.295	G413Expansion limits
G423	0.272	0.331	0.268	0.389	0.272	G423*DRIVE TEAMS, watch your reach
E116	0.274	0.637	0.320	0.274	1.000	Only COTS batteries allowed
E303	0.282	0.504	0.237	0.282	0.725	Tethered operation outside FIELDS/PRACTICE AREAS
G419	0.284	0.304	0.313	0.324	0.284	G419*Don’t collude with your partners to shut down major parts of game play
R716	0.286	0.633	0.559	0.286	0.979	R716*Don’t alter the CAN bus
G405	0.291	0.321	0.292	0.352	0.291	G405*Keep SCORING ELEMENTS in bounds
T607	0.299	0.650	0.329	0.299	1.000	No BACKUP TEAM for replayed MATCHES
R405	0.305	0.604	0.309	0.305	0.903	R405*BUMPERS interact with BUMPERS
G209	0.305	0.653	0.146	0.305	1.000	G209*Keep your ROBOT together
G417	0.312	0.321	0.226	0.312	0.330	G417*Don’t tip or entangle
G302	0.316	0.655	0.360	0.993	0.316	G302*Limit what you use during a MATCH
G422	0.319	0.365	0.313	0.411	0.319	G422*DRIVE COACHES and other teams: hands off the controls
E603	0.319	0.605	0.183	0.319	0.891	TEST/PRACTICE AREA attendance is limited
R717	0.321	0.660	0.180	0.321	1.000	R717*USB to CAN adapter permitted
G426	0.321	0.326	0.268	0.330	0.321	G426*DRIVE COACHES, SCORING ELEMENTS are off limits
T604	0.332	0.666	0.353	0.332	1.000	T604*Only the ALLIANCE CAPTAIN may invite an ALLIANCE
E403	0.333	0.550	0.359	0.333	0.766	Load-In Restrictions
G410	0.337	0.350	0.387	0.362	0.337	G410*Keep your BUMPERS low
E111	0.340	0.670	0.340	0.340	1.000	Don’t give out food
E605	0.342	0.671	0.342	0.342	1.000	Be ready to DISABLE
R404	0.345	0.590	0.269	0.345	0.836	R404*BUMPERS must be soft
R303	0.347	0.673	0.393	1.000	0.347	R303*Create new designs and software, unless they’re public
R407	0.348	0.674	0.331	0.348	1.000	R407*BUMPERS shouldn’t be wedges
T601	0.352	0.676	0.426	0.352	1.000	T601*Send your STUDENT representatives
G211	0.353	0.569	0.089	0.353	0.785	G211*Egregious or exceptional violations
R409	0.356	0.465	0.305	0.356	0.574	R409*BUMPERS should be passive
G404	0.356	0.359	0.297	0.356	0.362	G404*ROBOTS: use SCORING ELEMENTS as directed
E107	0.365	0.675	0.306	0.365	0.986	Work in designated areas only
E112	0.370	0.685	0.370	0.370	1.000	Make FIRST loud, but with restrictions
G403	0.413	0.523	0.270	0.413	0.634	G403Limited AUTO opponent interaction
R703	0.452	0.586	0.531	0.452	0.719	R703*Use specific Ethernet port for roboRIO
R617	0.473	0.665	0.383	0.856	0.473	R617*Power radio as specified – Part 2
R615	0.477	0.627	0.505	0.777	0.477	R615*Power roboRIO as specified
G406	0.480	0.683	0.298	0.887	0.480	G406*Don’t abuse SCORING ELEMENTS
G407	0.487	0.676	0.380	0.866	0.487	G407Only score while in your ALLIANCE ZONE
G101	0.502	0.734	0.775	0.967	0.502	G101*Humans, remain outside the FIELD
R616	0.586	0.745	0.676	0.903	0.586	R616*Power radio as specified – Part 1
G102	0.589	0.794	0.924	1.000	0.589	G102*Never step over the guardrail
C301	0.618	0.717	0.635	0.815	0.618	C301*Wear your buttons
E401	0.625	0.813	0.653	1.000	0.625	Load in during Load-In
R403	0.639	0.737	0.542	0.639	0.836	R403*BUMPER extension limit
R205	0.640	0.820	0.640	1.000	0.640	R205*Don’t contaminate the FIELD
E502	0.692	0.846	0.692	1.000	0.692	Stay in your pit
R504	0.713	0.824	0.734	0.934	0.713	R504*Power (most) actuators off of approved devices
R105	0.729	0.782	0.776	0.729	0.836	R105ROBOT horizontal extension limit
R614	0.737	0.869	0.737	0.737	1.000	R614*No high voltage allowed
R401	0.744	0.856	0.623	0.967	0.744	R401*BUMPERS almost all around
R609	0.769	0.842	0.767	0.769	0.914	R609*Connect main power safely
R707	0.800	0.897	0.899	0.800	0.993	R707*Limited wireless allowed
R620	0.813	0.886	0.868	0.813	0.959	R620*Only use specified fuses in PD
R702	0.817	0.891	0.829	0.817	0.965	R702*Communicate with the ROBOT with the specified radio
R904	0.835	0.916	0.904	0.997	0.835	R904*OPERATOR CONSOLE physical requirements
T301	0.837	0.905	0.847	0.837	0.972	T301*Measurement, not practice
R610	0.851	0.871	0.776	0.890	0.851	R610*1 breaker/fuse per circuit
R619	0.852	0.872	0.776	0.852	0.892	R619*Only use specified circuit breakers in a PD
R204	0.856	0.928	0.917	0.856	1.000	R204*Leave SCORING ELEMENTS at the FIELD
R501	0.860	0.893	0.844	0.860	0.925	R501*Allowable motors
G402	0.864	0.908	0.864	0.864	0.952	G402*Let the ROBOT do its thing
R712	0.878	0.925	0.847	0.972	0.878	R712*Control PWM controllers from the roboRIO
R206	0.878	0.939	0.907	0.878	1.000	R206*Don’t damage SCORING ELEMENTS
G401	0.880	0.940	0.949	0.880	1.000	G401*Behind the lines
R618	0.885	0.910	0.979	0.936	0.885	R618*Use PD terminals as designed
G206	0.894	0.947	0.717	0.894	1.000	G206*Don't violate rules for RPs
R622	0.898	0.904	0.797	0.909	0.898	R622*Use appropriately sized wire
R505	0.906	0.928	0.906	0.951	0.906	R505*Don’t overload controllers
R601	0.922	0.961	0.942	1.000	0.922	R601*Battery limit – everyone has the same power
R704	0.930	0.965	0.947	0.930	0.999	R704*Only use allowed ports and bandwidth to communicate with the ROBOT
R715	0.932	0.941	0.882	0.949	0.932	R715*Control PCM, PH, and Servo Hub from roboRIO
E504	0.934	0.967	0.975	1.000	0.934	No sparks or flames
R104	0.936	0.940	0.967	0.944	0.936	R104STARTING CONFIGURATION – max size
R608	0.942	0.942	1.000	0.942	0.942	R608*Limit non-battery energy
R621	0.942	0.964	0.913	0.987	0.942	R621*Protect circuits with appropriate circuit breakers
R503	0.943	0.971	0.950	1.000	0.943	R503*Don’t modify motors (mostly)
R506	0.946	0.971	0.942	0.946	0.996	R506*Control servos safely
R709	0.949	0.969	0.945	0.949	0.990	R709*ROBOTS must have a signal light
E405	0.952	0.966	0.946	0.980	0.952	Once done, head out
R602	0.953	0.976	0.962	0.953	1.000	R602*Other batteries for cameras or computers only
R613	0.954	0.964	0.992	0.974	0.954	R613*Electrical system must be inspectable
G301	0.954	0.977	0.910	0.954	1.000	G301*Be prompt
R202	0.955	0.977	0.608	0.955	1.000	R202*No exposed sharp edges
G303	0.955	0.964	0.912	0.955	0.973	G303*Start your ROBOTS
T201	0.958	0.979	0.888	1.000	0.958	T201*Replays will be the same
R625	0.961	0.975	0.981	0.961	0.988	R625*Don’t modify critical power paths
R710	0.962	0.970	0.975	0.962	0.978	R710*Only specified modifications to control system devices permitted
R103	0.965	0.980	0.960	0.995	0.965	R103*ROBOT weight limit
G208	0.967	0.969	0.935	0.971	0.967	G208*Show up to your Qualification MATCHES
E106	0.969	0.985	0.969	1.000	0.969	Some event resources for event teams only
R101	0.970	0.979	0.945	0.970	0.988	R101*ROBOT PERIMETER must be fixed
R802	0.976	0.988	0.980	1.000	0.976	R802*No custom pneumatics and meet minimum pressure ratings
E302	0.978	0.989	0.966	1.000	0.978	Don’t interfere with wireless networks
R714	0.979	0.989	0.991	0.979	1.000	R714*Control CAN motor controllers from the roboRIO
I101	0.980	0.990	0.981	0.980	1.000	It’s your team’s ROBOT
R502	0.981	0.991	0.921	1.000	0.981	R502*Only 4 propulsion motors
I102	0.982	0.991	0.689	1.000	0.982	Get inspected before playing a Qualification MATCH
R811	0.985	0.993	0.987	1.000	0.985	R811*Relief valve requirements
E402	0.986	0.993	0.990	1.000	0.986	Load-In person limit is 6
R701	0.987	0.989	0.993	0.991	0.987	R701*Control the ROBOT with a roboRIO
R102	0.988	0.994	0.986	0.988	1.000	R102*STARTING CONFIGURATION – no overhang
G207	0.991	0.996	0.959	1.000	0.991	G207*Don’t abuse ARENA access
R808	0.992	0.996	0.994	1.000	0.992	R808*Working air pressure limit
I103	0.993	0.996	0.993	1.000	0.993	Bring it all to inspection
R804	0.993	0.996	0.989	1.000	0.993	R804*Only use specific pneumatic devices
E201	0.994	0.997	0.998	0.994	1.000	The ROBOT goes alone to off-site machine shops
G501	0.995	0.996	0.994	0.996	0.995	G501*Leave promptly
R806	0.996	0.998	0.997	1.000	0.996	R806*Compressed air from ROBOT compressor only
R901	0.997	0.997	0.998	0.997	0.997	R901*Use the specified Driver Station Software
R807	0.997	0.999	0.997	1.000	0.997	R807*Air storage pressure limit
I107	0.998	0.999	0.998	0.998	0.999	No STUDENT, no inspection
E101	1.000	1.000	1.000	1.000	1.000	Personal safety comes first
E102	1.000	1.000	1.000	1.000	1.000	Be nice
E103	1.000	1.000	1.000	1.000	1.000	Children with adults, please
E104	1.000	1.000	1.000	1.000	1.000	Respect the venue
E105	1.000	1.000	1.000	1.000	1.000	Teams must check in
E301	1.000	1.000	1.000	1.000	1.000	No wireless communication
E404	1.000	1.000	1.000	1.000	1.000	Pit must be left in a safe state
E501	1.000	1.000	1.000	1.000	1.000	Pits are unavailable if closed
E503	1.000	1.000	1.000	1.000	1.000	Keep aisles clear
E505	1.000	1.000	1.000	1.000	1.000	Nothing too big
E506	1.000	1.000	1.000	1.000	1.000	No brazing or welding
E507	1.000	1.000	1.000	1.000	1.000	Solder with specific tools only
E508	1.000	1.000	1.000	1.000	1.000	Structures must be safe
G103	1.000	1.000	0.787	1.000	1.000	G103*Be careful what you interact with
G104	1.000	1.000	0.998	1.000	1.000	G104*Teams may not enable their ROBOTS on the FIELD
G201	1.000	1.000	0.998	1.000	1.000	G201*Be a good person
G202	1.000	1.000	0.986	1.000	1.000	G202*Don’t bang on the glass
G203	1.000	1.000	0.991	1.000	1.000	G203*Asking other teams to throw a MATCH – not cool
G204	1.000	1.000	0.985	1.000	1.000	G204*Letting someone coerce you into throwing a MATCH – also not cool
G205	1.000	1.000	0.991	1.000	1.000	G205*Throwing your own MATCH is bad
I104	1.000	1.000	1.000	1.000	1.000	Unless the change is listed below, any change to a ROBOT must get re-inspected
I105	1.000	1.000	1.000	1.000	1.000	Don’t exploit re-inspection
I106	1.000	1.000	1.000	1.000	1.000	ROBOTS are off for inspection (mostly)
R201	1.000	1.000	1.000	1.000	1.000	R201*No digging into carpet
R203	1.000	1.000	0.868	1.000	1.000	R203*General safety
R301	1.000	1.000	1.000	1.000	1.000	R301*Individual item cost limit
R603	1.000	1.000	1.000	1.000	1.000	R603*Charge batteries with safe connectors
R604	1.000	1.000	1.000	1.000	1.000	R604*Charge batteries at a safe rate
R605	1.000	1.000	1.000	1.000	1.000	R605*Batteries are not ballast
R606	1.000	1.000	1.000	1.000	1.000	R606*Secure the battery
R607	1.000	1.000	1.000	1.000	1.000	R607*Insulate battery connections
R611	1.000	1.000	0.997	1.000	1.000	R611*The ROBOT frame is not a wire
R612	1.000	1.000	0.990	1.000	1.000	R612*Must be able to turn ROBOT on and off safely
R623	1.000	1.000	1.000	1.000	1.000	R623*Use only appropriate connectors
R624	1.000	1.000	1.000	1.000	1.000	R624*Use specified wire colors (mostly)
R705	1.000	1.000	1.000	1.000	1.000	R705*Configure devices for your team number
R706	1.000	1.000	1.000	1.000	1.000	R706*Don’t bypass the ARENA network
R708	1.000	1.000	1.000	1.000	1.000	R708*Wireless bridge must be visible
R711	1.000	1.000	1.000	1.000	1.000	R711*Don’t connect motor outputs to roboRIO
R713	1.000	1.000	1.000	1.000	1.000	R713*Only approved MXP devices can control actuators
R801	1.000	1.000	1.000	1.000	1.000	R801*Only use explicitly permitted pneumatic parts
R803	1.000	1.000	1.000	1.000	1.000	R803*Don’t modify pneumatics
R805	1.000	1.000	1.000	1.000	1.000	R805*If using pneumatics, these parts are required
R809	1.000	1.000	0.992	1.000	1.000	R809*Limited devices at high pressure
R810	1.000	1.000	1.000	1.000	1.000	R810*Pressure gauges must be visible
R812	1.000	1.000	1.000	1.000	1.000	R812*Pressure switch requirements
R813	1.000	1.000	1.000	1.000	1.000	R813*Vent plug requirements
R814	1.000	1.000	1.000	1.000	1.000	R814*Don’t connect solenoid outputs together
R902	1.000	1.000	1.000	1.000	1.000	R902*The OPERATOR CONSOLE must have a visible display
R903	1.000	1.000	1.000	1.000	1.000	R903*Connect FMS Ethernet directly to the OPERATOR CONSOLE
R905	1.000	1.000	1.000	1.000	1.000	R905*FIELD wireless only
